Time,Susceptible,Infected,Recovered
0.000000,89900.000000,100.000000,0.000000
0.050000,89898.493798,101.053835,0.452367
0.100000,89896.971749,102.118750,0.909501
0.150000,89895.433687,103.194860,1.371453
0.200000,89893.879444,104.282284,1.838272
0.250000,89892.308850,105.381139,2.310010
0.300000,89890.721735,106.491545,2.786719
0.350000,89889.117925,107.613623,3.268452
0.400000,89887.497245,108.747495,3.755260
0.450000,89885.859519,109.893284,4.247197
0.500000,89884.204568,111.051114,4.744317
0.550000,89882.532212,112.221113,5.246675
0.600000,89880.842268,113.403406,5.754326
0.650000,89879.134552,114.598123,6.267325
0.700000,89877.408879,115.805393,6.785728
0.750000,89875.665060,117.025348,7.309592
0.800000,89873.902905,118.258120,7.838975
0.850000,89872.122222,119.503843,8.373935
0.900000,89870.322819,120.762652,8.914529
0.950000,89868.504497,122.034684,9.460818
1.000000,89866.667061,123.320078,10.012862
1.050000,89864.810309,124.618972,10.570719
1.100000,89862.934040,125.931508,11.134453
1.150000,89861.038049,127.257828,11.704124
1.200000,89859.122130,128.598076,12.279794
1.250000,89857.186076,129.952397,12.861527
1.300000,89855.229674,131.320939,13.449387
1.350000,89853.252713,132.703849,14.043437
1.400000,89851.254978,134.101279,14.643743
1.450000,89849.236251,135.513378,15.250371
1.500000,89847.196313,136.940301,15.863386
1.550000,89845.134943,138.382201,16.482856
1.600000,89843.051916,139.839236,17.108849
1.650000,89840.947006,141.311562,17.741432
1.700000,89838.819984,142.799340,18.380676
1.750000,89836.670620,144.302730,19.026650
1.800000,89834.498681,145.821895,19.679424
1.850000,89832.303929,147.357000,20.339071
1.900000,89830.086128,148.908211,21.005661
1.950000,89827.845036,150.475695,21.679269
2.000000,89825.580410,152.059622,22.359967
2.050000,89823.292006,153.660164,23.047830
2.100000,89820.979573,155.277493,23.742934
2.150000,89818.642863,156.911784,24.445353
2.200000,89816.281621,158.563214,25.155166
2.250000,89813.895591,160.231961,25.872448
2.300000,89811.484515,161.918205,26.597279
2.350000,89809.048132,163.622129,27.329738
2.400000,89806.586178,165.343917,28.069905
2.450000,89804.098385,167.083754,28.817861
2.500000,89801.584485,168.841828,29.573687
2.550000,89799.044206,170.618329,30.337465
2.600000,89796.477272,172.413448,31.109279
2.650000,89793.883406,174.227380,31.889214
2.700000,89791.262327,176.060318,32.677354
2.750000,89788.613752,177.912462,33.473786
2.800000,89785.937393,179.784011,34.278596
2.850000,89783.232963,181.675166,35.091871
2.900000,89780.500168,183.586131,35.913702
2.950000,89777.738712,185.517111,36.744177
3.000000,89774.948299,187.468315,37.583386
3.050000,89772.128625,189.439953,38.431422
3.100000,89769.279387,191.432236,39.288377
3.150000,89766.400278,193.445379,40.154343
3.200000,89763.490985,195.479598,41.029417
3.250000,89760.551195,197.535113,41.913692
3.300000,89757.580592,199.612143,42.807265
3.350000,89754.578854,201.710913,43.710234
3.400000,89751.545657,203.831647,44.622696
3.450000,89748.480676,205.974573,45.544752
3.500000,89745.383578,208.139921,46.476501
3.550000,89742.254031,210.327924,47.418045
3.600000,89739.091698,212.538816,48.369487
3.650000,89735.896237,214.772834,49.330929
3.700000,89732.667305,217.030218,50.302477
3.750000,89729.404554,219.311210,51.284236
3.800000,89726.107633,221.616054,52.276314
3.850000,89722.776186,223.944996,53.278817
3.900000,89719.409857,226.298288,54.291855
3.950000,89716.008282,228.676179,55.315539
4.000000,89712.571096,231.078925,56.349978
4.050000,89709.097930,233.506783,57.395287
4.100000,89705.588410,235.960012,58.451577
4.150000,89702.042160,238.438875,59.518965
4.200000,89698.458798,240.943636,60.597566
4.250000,89694.837940,243.474563,61.687497
4.300000,89691.179198,246.031926,62.788877
4.350000,89687.482178,248.615998,63.901824
4.400000,89683.746484,251.227055,65.026461
4.450000,89679.971716,253.865376,66.162909
4.500000,89676.157468,256.531241,67.311291
4.550000,89672.303333,259.224935,68.471732
4.600000,89668.408898,261.946745,69.644357
4.650000,89664.473744,264.696961,70.829295
4.700000,89660.497452,267.475875,72.026673
4.750000,89656.479595,270.283783,73.236621
4.800000,89652.419744,273.120985,74.459271
4.850000,89648.317464,275.987781,75.694755
4.900000,89644.172317,278.884477,76.943206
4.950000,89639.983859,281.811380,78.204760
5.000000,89635.751644,284.768801,79.479554
5.050000,89631.475219,287.757055,80.767726
5.100000,89627.154128,290.776457,82.069414
5.150000,89622.787910,293.827329,83.384761
5.200000,89618.376097,296.909995,84.713908
5.250000,89613.918221,300.024779,86.056999
5.300000,89609.413806,303.172014,87.414180
5.350000,89604.862372,306.352032,88.785597
5.400000,89600.263433,309.565169,90.171398
5.450000,89595.616501,312.811766,91.571733
5.500000,89590.921080,316.092166,92.986754
5.550000,89586.176671,319.406715,94.416614
5.600000,89581.382769,322.755765,95.861467
5.650000,89576.538864,326.139668,97.321468
5.700000,89571.644442,329.558782,98.796776
5.750000,89566.698982,333.013467,100.287551
5.800000,89561.701960,336.504088,101.793951
5.850000,89556.652845,340.031013,103.316142
5.900000,89551.551101,343.594613,104.854286
5.950000,89546.396187,347.195264,106.408549
6.000000,89541.187556,350.833344,107.979099
6.050000,89535.924657,354.509237,109.566106
6.100000,89530.606932,358.223328,111.169740
6.150000,89525.233818,361.976008,112.790174
6.200000,89519.804746,365.767672,114.427582
6.250000,89514.319142,369.598716,116.082142
6.300000,89508.776426,373.469544,117.754030
6.350000,89503.176012,377.380560,119.443428
6.400000,89497.517308,381.332176,121.150516
6.450000,89491.799717,385.324804,122.875479
6.500000,89486.022636,389.358862,124.618502
6.550000,89480.185455,393.434774,126.379771
6.600000,89474.287558,397.552964,128.159478
6.650000,89468.328324,401.713864,129.957812
6.700000,89462.307125,405.917908,131.774967
6.750000,89456.223327,410.165534,133.611139
6.800000,89450.076290,414.457186,135.466523
6.850000,89443.865368,418.793312,137.341320
6.900000,89437.589908,423.174362,139.235730
6.950000,89431.249249,427.600794,141.149957
7.000000,89424.842727,432.073067,143.084206
7.050000,89418.369668,436.591647,145.038685
7.100000,89411.829395,441.157004,147.013601
7.150000,89405.221220,445.769611,149.009168
7.200000,89398.544453,450.429948,151.025599
7.250000,89391.798392,455.138497,153.063110
7.300000,89384.982333,459.895748,155.121919
7.350000,89378.095562,464.702192,157.202246
7.400000,89371.137360,469.558327,159.304313
7.450000,89364.106998,474.464656,161.428346
7.500000,89357.003744,479.421685,163.574571
7.550000,89349.826855,484.429927,165.743218
7.600000,89342.575583,489.489899,167.934518
7.650000,89335.249172,494.602122,170.148705
7.700000,89327.846859,499.767124,172.386016
7.750000,89320.367874,504.985437,174.646690
7.800000,89312.811437,510.257597,176.930966
7.850000,89305.176764,515.584147,179.239090
7.900000,89297.463060,520.965634,181.571306
7.950000,89289.669526,526.402611,183.927863
8.000000,89281.795351,531.895636,186.309013
8.050000,89273.839720,537.445271,188.715009
8.100000,89265.801807,543.052086,191.146107
8.150000,89257.680781,548.716655,193.602565
8.200000,89249.475800,554.439556,196.084644
8.250000,89241.186017,560.221374,198.592609
8.300000,89232.810573,566.062701,201.126726
8.350000,89224.348605,571.964132,203.687263
8.400000,89215.799238,577.926268,206.274494
8.450000,89207.161592,583.949717,208.888692
8.500000,89198.434775,590.035091,211.530134
8.550000,89189.617888,596.183010,214.199101
8.600000,89180.710026,602.394098,216.895876
8.650000,89171.710271,608.668986,219.620744
8.700000,89162.617698,615.008309,222.373994
8.750000,89153.431374,621.412709,225.155916
8.800000,89144.150357,627.882836,227.966807
8.850000,89134.773695,634.419344,230.806961
8.900000,89125.300427,641.022892,233.676681
8.950000,89115.729584,647.694147,236.576269
9.000000,89106.060187,654.433782,239.506031
9.050000,89096.291248,661.242475,242.466277
9.100000,89086.421769,668.120913,245.457318
9.150000,89076.450744,675.069786,248.479471
9.200000,89066.377155,682.089792,251.533053
9.250000,89056.199978,689.181636,254.618386
9.300000,89045.918176,696.346028,257.735796
9.350000,89035.530704,703.583685,260.885611
9.400000,89025.036507,710.895333,264.068160
9.450000,89014.434520,718.281700,267.283781
9.500000,89003.723667,725.743524,270.532809
9.550000,88992.902864,733.281549,273.815587
9.600000,88981.971016,740.896526,277.132458
9.650000,88970.927016,748.589212,280.483772
9.700000,88959.769750,756.360371,283.869879
9.750000,88948.498091,764.210775,287.291134
9.800000,88937.110903,772.141201,290.747896
9.850000,88925.607038,780.152436,294.240526
9.900000,88913.985339,788.245271,297.769390
9.950000,88902.244637,796.420506,301.334857
10.000000,88890.383754,804.678947,304.937300
10.050000,88878.401498,813.021408,308.577094
10.100000,88866.296670,821.448710,312.254620
10.150000,88854.068058,829.961682,315.970261
10.200000,88841.714437,838.561159,319.724404
10.250000,88829.234574,847.247984,323.517442
10.300000,88816.627223,856.023008,327.349769
10.350000,88803.891128,864.887090,331.221783
10.400000,88791.025019,873.841094,335.133887
10.450000,88778.027617,882.885894,339.086489
10.500000,88764.897630,892.022372,343.079998
10.550000,88751.633756,901.251415,347.114829
10.600000,88738.234678,910.573921,351.191401
10.650000,88724.699071,919.990794,355.310136
10.700000,88711.025594,929.502945,359.471461
10.750000,88697.212898,939.111295,363.675807
10.800000,88683.259620,948.816772,367.923608
10.850000,88669.164383,958.620312,372.215305
10.900000,88654.925801,968.522859,376.551339
10.950000,88640.542474,978.525366,380.932160
11.000000,88626.012989,988.628792,385.358219
11.050000,88611.335921,998.834107,389.829972
11.100000,88596.509832,1009.142287,394.347880
11.150000,88581.533274,1019.554318,398.912409
11.200000,88566.404781,1030.071192,403.524027
11.250000,88551.122879,1040.693913,408.183208
11.300000,88535.686078,1051.423490,412.890432
11.350000,88520.092876,1062.260943,417.646181
11.400000,88504.341758,1073.207298,422.450944
11.450000,88488.431196,1084.263592,427.305212
11.500000,88472.359647,1095.430870,432.209483
11.550000,88456.125557,1106.710185,437.164258
11.600000,88439.727357,1118.102599,442.170044
11.650000,88423.163464,1129.609183,447.227353
11.700000,88406.432283,1141.231017,452.336700
11.750000,88389.532205,1152.969189,457.498606
11.800000,88372.461604,1164.824797,462.713598
11.850000,88355.218845,1176.798948,467.982207
11.900000,88337.802275,1188.892756,473.304968
11.950000,88320.210230,1201.107347,478.682423
12.000000,88302.441028,1213.443854,484.115117
12.050000,88284.492978,1225.903420,489.603602
12.100000,88266.364369,1238.487196,495.148434
12.150000,88248.053480,1251.196344,500.750175
12.200000,88229.558574,1264.032035,506.409391
12.250000,88210.877898,1276.995447,512.126655
12.300000,88192.009686,1290.087770,517.902544
12.350000,88172.952157,1303.310202,523.737640
12.400000,88153.703516,1316.663952,529.632533
12.450000,88134.261950,1330.150235,535.587815
12.500000,88114.625635,1343.770280,541.604085
12.550000,88094.792729,1357.525322,547.681950
12.600000,88074.761376,1371.416606,553.822018
12.650000,88054.529706,1385.445389,560.024905
12.700000,88034.095831,1399.612935,566.291234
12.750000,88013.457850,1413.920519,572.621632
12.800000,87992.613844,1428.369425,579.016731
12.850000,87971.561883,1442.960947,585.477171
12.900000,87950.300016,1457.696388,592.003595
12.950000,87928.826281,1472.577063,598.596656
13.000000,87907.138696,1487.604295,605.257009
13.050000,87885.235267,1502.779416,611.985316
13.100000,87863.113982,1518.103771,618.782247
13.150000,87840.772814,1533.578710,625.648476
13.200000,87818.209719,1549.205598,632.584684
13.250000,87795.422637,1564.985806,639.591557
13.300000,87772.409494,1580.920718,646.669788
13.350000,87749.168197,1597.011726,653.820077
13.400000,87725.696638,1613.260232,661.043130
13.450000,87701.992694,1629.667649,668.339658
13.500000,87678.054222,1646.235399,675.710379
13.550000,87653.879066,1662.964915,683.156019
13.600000,87629.465053,1679.857639,690.677308
13.650000,87604.809991,1696.915024,698.274985
13.700000,87579.911675,1714.138532,705.949792
13.750000,87554.767880,1731.529637,713.702483
13.800000,87529.376367,1749.089820,721.533813
13.850000,87503.734878,1766.820575,729.444547
13.900000,87477.841140,1784.723404,737.435456
13.950000,87451.692862,1802.799820,745.507318
14.000000,87425.287736,1821.051347,753.660917
14.050000,87398.623438,1839.479517,761.897045
14.100000,87371.697627,1858.085873,770.216500
14.150000,87344.507943,1876.871969,778.620088
14.200000,87317.052013,1895.839368,787.108620
14.250000,87289.327441,1914.989642,795.682916
14.300000,87261.331820,1934.324376,804.343803
14.350000,87233.062723,1953.845163,813.092115
14.400000,87204.517704,1973.553605,821.928691
14.450000,87175.694302,1993.451317,830.854381
14.500000,87146.590040,2013.539920,839.870039
14.550000,87117.202422,2033.821049,848.976529
14.600000,87087.528933,2054.296347,858.174720
14.650000,87057.567044,2074.967466,867.465490
14.700000,87027.314208,2095.836069,876.849723
14.750000,86996.767859,2116.903828,886.328313
14.800000,86965.925414,2138.172427,895.902159
14.850000,86934.784275,2159.643557,905.572169
14.900000,86903.341823,2181.318919,915.339258
14.950000,86871.595426,2203.200226,925.204348
15.000000,86839.542430,2225.289199,935.168371
15.050000,86807.180168,2247.587567,945.232265
15.100000,86774.505952,2270.097072,955.396976
15.150000,86741.517080,2292.819462,965.663458
15.200000,86708.210830,2315.756497,976.032673
15.250000,86674.584463,2338.909946,986.505591
15.300000,86640.635226,2362.281585,997.083190
15.350000,86606.360344,2385.873201,1007.766455
15.400000,86571.757028,2409.686591,1018.556381
15.450000,86536.822471,2433.723559,1029.453970
15.500000,86501.553849,2457.985919,1040.460231
15.550000,86465.948321,2482.475495,1051.576184
15.600000,86430.003028,2507.194118,1062.802854
15.650000,86393.715095,2532.143628,1074.141277
15.700000,86357.081629,2557.325875,1085.592496
15.750000,86320.099722,2582.742716,1097.157562
15.800000,86282.766448,2608.396017,1108.837535
15.850000,86245.078864,2634.287652,1120.633484
15.900000,86207.034010,2660.419505,1132.546484
15.950000,86168.628911,2686.793467,1144.577623
16.000000,86129.860573,2713.411435,1156.727992
16.050000,86090.725989,2740.275317,1168.998694
16.100000,86051.222132,2767.387027,1181.390841
16.150000,86011.345960,2794.748487,1193.905552
16.200000,85971.094417,2822.361628,1206.543955
16.250000,85930.464427,2850.228386,1219.307187
16.300000,85889.452901,2878.350705,1232.196394
16.350000,85848.056733,2906.730537,1245.212730
16.400000,85806.272802,2935.369840,1258.357358
16.450000,85764.097970,2964.270579,1271.631451
16.500000,85721.529084,2993.434727,1285.036188
16.550000,85678.562977,3022.864261,1298.572761
16.600000,85635.196465,3052.561167,1312.242368
16.650000,85591.426350,3082.527434,1326.046216
16.700000,85547.249419,3112.765060,1339.985522
16.750000,85502.662442,3143.276046,1354.061511
16.800000,85457.662178,3174.062402,1368.275419
16.850000,85412.245370,3205.126141,1382.628489
16.900000,85366.408745,3236.469281,1397.121974
16.950000,85320.149019,3268.093846,1411.757135
17.000000,85273.462892,3300.001865,1426.535243
17.050000,85226.347050,3332.195370,1441.457580
17.100000,85178.798168,3364.676399,1456.525433
17.150000,85130.812904,3397.446994,1471.740102
17.200000,85082.387907,3430.509200,1487.102893
17.250000,85033.519809,3463.865066,1502.615125
17.300000,84984.205232,3497.516646,1518.278122
17.350000,84934.440785,3531.465993,1534.093221
17.400000,84884.223066,3565.715168,1550.061766
17.450000,84833.548658,3600.266231,1566.185111
17.500000,84782.414135,3635.121247,1582.464618
17.550000,84730.816058,3670.282281,1598.901661
17.600000,84678.750979,3705.751400,1615.497621
17.650000,84626.215436,3741.530675,1632.253889
17.700000,84573.205960,3777.622175,1649.171865
17.750000,84519.719068,3814.027972,1666.252960
17.800000,84465.751270,3850.750138,1683.498592
17.850000,84411.299065,3887.790746,1700.910189
17.900000,84356.358943,3925.151868,1718.489189
17.950000,84300.927384,3962.835577,1736.237039
18.000000,84245.000861,4000.843943,1754.155196
18.050000,84188.575837,4039.179038,1772.245125
18.100000,84131.648768,4077.842931,1790.508301
18.150000,84074.216102,4116.837691,1808.946208
18.200000,84016.274280,4156.165381,1827.560339
18.250000,83957.819735,4195.828066,1846.352199
18.300000,83898.848896,4235.827807,1865.323298
18.350000,83839.358182,4276.166660,1884.475158
18.400000,83779.344010,4316.846680,1903.809309
18.450000,83718.802790,4357.869917,1923.327292
18.500000,83657.730927,4399.238416,1943.030656
18.550000,83596.124822,4440.954219,1962.920959
18.600000,83533.980871,4483.019360,1982.999768
18.650000,83471.295468,4525.435872,2003.268660
18.700000,83408.065002,4568.205776,2023.729221
18.750000,83344.285862,4611.331092,2044.383046
18.800000,83279.954432,4654.813831,2065.231737
18.850000,83215.067095,4698.655996,2086.276909
18.900000,83149.620234,4742.859582,2107.520183
18.950000,83083.610231,4787.426578,2128.963191
19.000000,83017.033467,4832.358963,2150.607571
19.050000,82949.886323,4877.658705,2172.454972
19.100000,82882.165183,4923.327764,2194.507053
19.150000,82813.866430,4969.368091,2216.765479
19.200000,82744.986450,5015.781624,2239.231926
19.250000,82675.521632,5062.570291,2261.908076
19.300000,82605.468368,5109.736008,2284.795624
19.350000,82534.823053,5157.280678,2307.896269
19.400000,82463.582086,5205.206193,2331.211721
19.450000,82391.741872,5253.514429,2354.743699
19.500000,82319.298822,5302.207250,2378.493928
19.550000,82246.249351,5351.286505,2402.464144
19.600000,82172.589883,5400.754028,2426.656089
19.650000,82098.316847,5450.611638,2451.071515
19.700000,82023.426683,5500.861135,2475.712181
19.750000,81947.915838,5551.504306,2500.579856
19.800000,81871.780768,5602.542919,2525.676313
19.850000,81795.017940,5653.978722,2551.003338
19.900000,81717.623832,5705.813448,2576.562720
19.950000,81639.594933,5758.048807,2602.356260
20.000000,81560.927744,5810.686493,2628.385763
20.050000,81481.618780,5863.728176,2654.653044
20.100000,81401.664568,5917.175507,2681.159925
20.150000,81321.061651,5971.030114,2707.908235
20.200000,81239.806587,6025.293604,2734.899809
20.250000,81157.895949,6079.967558,2762.136493
20.300000,81075.326328,6135.053536,2789.620135
20.350000,80992.094332,6190.553073,2817.352595
20.400000,80908.196588,6246.467677,2845.335736
20.450000,80823.629739,6302.798832,2873.571429
20.500000,80738.390453,6359.547995,2902.061552
20.550000,80652.475415,6416.716595,2930.807990
20.600000,80565.881334,6474.306034,2959.812633
20.650000,80478.604939,6532.317684,2989.077378
20.700000,80390.642984,6590.752889,3018.604127
20.750000,80301.992248,6649.612961,3048.394791
20.800000,80212.649533,6708.899184,3078.451283
20.850000,80122.611669,6768.612806,3108.775525
20.900000,80031.875511,6828.755047,3139.369441
20.950000,79940.437944,6889.327092,3170.234965
21.000000,79848.295879,6950.330090,3201.374032
21.050000,79755.446258,7011.765158,3232.788584
21.100000,79661.886055,7073.633377,3264.480568
21.150000,79567.612273,7135.935792,3296.451935
21.200000,79472.621949,7198.673409,3328.704643
21.250000,79376.912152,7261.847198,3361.240650
21.300000,79280.479987,7325.458090,3394.061923
21.350000,79183.322593,7389.506977,3427.170430
21.400000,79085.437147,7453.994709,3460.568144
21.450000,78986.820860,7518.922098,3494.257042
21.500000,78887.470986,7584.289910,3528.239104
21.550000,78787.384814,7650.098873,3562.516313
21.600000,78686.559675,7716.349668,3597.090656
21.650000,78584.992942,7783.042934,3631.964124
21.700000,78482.682029,7850.179263,3667.138707
21.750000,78379.624394,7917.759203,3702.616402
21.800000,78275.817540,7985.783254,3738.399206
21.850000,78171.259014,8054.251868,3774.489119
21.900000,78065.946410,8123.165450,3810.888141
21.950000,77959.877369,8192.524355,3847.598276
22.000000,77853.049583,8262.328889,3884.621528
22.050000,77745.460791,8332.579305,3921.959904
22.100000,77637.108783,8403.275806,3959.615411
22.150000,77527.991401,8474.418543,3997.590056
22.200000,77418.106541,8546.007612,4035.885847
22.250000,77307.452150,8618.043056,4074.504794
22.300000,77196.026234,8690.524861,4113.448904
22.350000,77083.826851,8763.452961,4152.720187
22.400000,76970.852119,8836.827231,4192.320650
22.450000,76857.100212,8910.647487,4232.252301
22.500000,76742.569365,8984.913489,4272.517146
22.550000,76627.257872,9059.624938,4313.117191
22.600000,76511.164088,9134.781473,4354.054438
22.650000,76394.286434,9210.382675,4395.330891
22.700000,76276.623389,9286.428062,4436.948549
22.750000,76158.173501,9362.917090,4478.909409
22.800000,76038.935383,9439.849150,4521.215467
22.850000,75918.907712,9517.223573,4563.868715
22.900000,75798.089237,9595.039621,4606.871142
22.950000,75676.478773,9673.296494,4650.224733
23.000000,75554.075205,9751.993325,4693.931470
23.050000,75430.877491,9831.129177,4737.993331
23.100000,75306.884660,9910.703050,4782.412290
23.150000,75182.095814,9990.713872,4827.190314
23.200000,75056.510129,10071.160503,4872.329368
23.250000,74930.126857,10152.041732,4917.831411
23.300000,74802.945326,10233.356280,4963.698394
23.350000,74674.964942,10315.102793,5009.932265
23.400000,74546.185187,10397.279848,5056.534965
23.450000,74416.605626,10479.885946,5103.508427
23.500000,74286.225902,10562.919518,5150.854580
23.550000,74155.045740,10646.378918,5198.575342
23.600000,74023.064947,10730.262427,5246.672626
23.650000,73890.283413,10814.568250,5295.148337
23.700000,73756.701115,10899.294514,5344.004371
23.750000,73622.318112,10984.439273,5393.242615
23.800000,73487.134551,11070.000500,5442.864949
23.850000,73351.150666,11155.976093,5492.873241
23.900000,73214.366778,11242.363869,5543.269352
23.950000,73076.783300,11329.161568,5594.055131
24.000000,72938.400732,11416.366850,5645.232418
24.050000,72799.219666,11503.977293,5696.803041
24.100000,72659.240786,11591.990397,5748.768817
24.150000,72518.464867,11680.403579,5801.131554
24.200000,72376.892779,11769.214175,5853.893046
24.250000,72234.525486,11858.419440,5907.055074
24.300000,72091.364047,11948.016544,5960.619408
24.350000,71947.409617,12038.002577,6014.587806
24.400000,71802.663446,12128.374543,6068.962011
24.450000,71657.126884,12219.129364,6123.743751
24.500000,71510.801377,12310.263878,6178.934744
24.550000,71363.688471,12401.774838,6234.536691
24.600000,71215.789810,12493.658912,6290.551278
24.650000,71067.107140,12585.912684,6346.980176
24.700000,70917.642307,12678.532652,6403.825041
24.750000,70767.397259,12771.515228,6461.087513
24.800000,70616.374044,12864.856740,6518.769216
24.850000,70464.574815,12958.553428,6576.871757
24.900000,70312.001827,13052.601449,6635.396724
24.950000,70158.657439,13146.996870,6694.345691
25.000000,70004.544116,13241.735673,6753.720211
25.050000,69849.664423,13336.813756,6813.521821
25.100000,69694.021036,13432.226927,6873.752038
25.150000,69537.616732,13527.970909,6934.412360
25.200000,69380.454396,13624.041338,6995.504266
25.250000,69222.537020,13720.433765,7057.029215
25.300000,69063.867702,13817.143652,7118.988646
25.350000,68904.449646,13914.166377,7181.383977
25.400000,68744.286165,14011.497230,7244.216605
25.450000,68583.380679,14109.131414,7307.487907
25.500000,68421.736716,14207.064049,7371.199236
25.550000,68259.357910,14305.290166,7435.351923
25.600000,68096.248008,14403.804712,7499.947280
25.650000,67932.410860,14502.602549,7564.986591
25.700000,67767.850428,14601.678452,7630.471120
25.750000,67602.570781,14701.027113,7696.402106
25.800000,67436.576097,14800.643139,7762.780765
25.850000,67269.870662,14900.521051,7829.608287
25.900000,67102.458872,15000.655289,7896.885839
25.950000,66934.345230,15101.040210,7964.614561
26.000000,66765.534348,15201.670084,8032.795568
26.050000,66596.030946,15302.539104,8101.429950
26.100000,66425.839852,15403.641378,8170.518770
26.150000,66254.966004,15504.970932,8240.063064
26.200000,66083.414444,15606.521715,8310.063840
26.250000,65911.190325,15708.287594,8380.522082
26.300000,65738.298904,15810.262354,8451.438742
26.350000,65564.745547,15912.439706,8522.814747
26.400000,65390.535725,16014.813281,8594.650994
26.450000,65215.675017,16117.376632,8666.948351
26.500000,65040.169105,16220.123237,8739.707658
26.550000,64864.023778,16323.046497,8812.929725
26.600000,64687.244928,16426.139740,8886.615332
26.650000,64509.838553,16529.396220,8960.765228
26.700000,64331.810751,16632.809116,9035.380132
26.750000,64153.167728,16736.371538,9110.460734
26.800000,63973.915787,16840.076524,9186.007690
26.850000,63794.061334,16943.917040,9262.021626
26.900000,63613.610878,17047.885986,9338.503136
26.950000,63432.571025,17151.976194,9415.452782
27.000000,63250.948480,17256.180427,9492.871093
27.050000,63068.750049,17360.491385,9570.758566
27.100000,62885.982633,17464.901703,9649.115664
27.150000,62702.653230,17569.403952,9727.942819
27.200000,62518.768932,17673.990641,9807.240426
27.250000,62334.336929,17778.654221,9887.008850
27.300000,62149.364501,17883.387081,9967.248418
27.350000,61963.859021,17988.181553,10047.959426
27.400000,61777.827955,18093.029911,10129.142133
27.450000,61591.278858,18197.924377,10210.796764
27.500000,61404.219373,18302.857117,10292.923510
27.550000,61216.657232,18407.820244,10375.522524
27.600000,61028.600253,18512.805822,10458.593926
27.650000,60840.056338,18617.805863,10542.137798
27.700000,60651.033476,18722.812335,10626.154188
27.750000,60461.539736,18827.817157,10710.643107
27.800000,60271.583268,18932.812204,10795.604528
27.850000,60081.172304,19037.789307,10881.038390
27.900000,59890.315151,19142.740257,10966.944593
27.950000,59699.020196,19247.656804,11053.323000
28.000000,59507.295900,19352.530661,11140.173440
28.050000,59315.150797,19457.353503,11227.495700
28.100000,59122.593495,19562.116973,11315.289532
28.150000,58929.632671,19666.812678,11403.554651
28.200000,58736.277073,19771.432195,11492.290732
28.250000,58542.535514,19875.967073,11581.497414
28.300000,58348.416874,19980.408830,11671.174296
28.350000,58153.930098,20084.748962,11761.320941
28.400000,57959.084191,20188.978938,11851.936871
28.450000,57763.888220,20293.090207,11943.021573
28.500000,57568.351311,20397.074197,12034.574492
28.550000,57372.482646,20500.922317,12126.595037
28.600000,57176.291462,20604.625961,12219.082577
28.650000,56979.787051,20708.176508,12312.036441
28.700000,56782.978755,20811.565322,12405.455922
28.750000,56585.875966,20914.783760,12499.340273
28.800000,56388.488123,21017.823169,12593.688708
28.850000,56190.824711,21120.674888,12688.500400
28.900000,55992.895260,21223.330253,12783.774487
28.950000,55794.709339,21325.780596,12879.510065
29.000000,55596.276560,21428.017248,12975.706192
29.050000,55397.606570,21530.031543,13072.361887
29.100000,55198.709055,21631.814816,13169.476129
29.150000,54999.593731,21733.358409,13267.047861
29.200000,54800.270349,21834.653669,13365.075983
29.250000,54600.748687,21935.691954,13463.559358
29.300000,54401.038554,22036.464634,13562.496812
29.350000,54201.149782,22136.963090,13661.887129
29.400000,54001.092226,22237.178719,13761.729055
29.450000,53800.875764,22337.102936,13862.021300
29.500000,53600.510294,22436.727174,13962.762532
29.550000,53400.005730,22536.042888,14063.951382
29.600000,53199.372000,22635.041558,14165.586442
29.650000,52998.619047,22733.714685,14267.666267
29.700000,52797.756825,22832.053802,14370.189373
29.750000,52596.795294,22930.050468,14473.154238
29.800000,52395.744425,23027.696274,14576.559301
29.850000,52194.614190,23124.982845,14680.402966
29.900000,51993.414565,23221.901840,14784.683596
29.950000,51792.155525,23318.444956,14889.399518
30.000000,51590.847046,23414.603930,14994.549024
30.050000,51389.499098,23510.370537,15100.130365
30.100000,51188.121645,23605.736597,15206.141758
30.150000,50986.724643,23700.693976,15312.581381
30.200000,50785.318039,23795.234582,15419.447379
30.250000,50583.911767,23889.350378,15526.737856
30.300000,50382.515746,23983.033372,15634.450883
30.350000,50181.139879,24076.275626,15742.584495
30.400000,49979.794052,24169.069257,15851.136690
30.450000,49778.488129,24261.406437,15960.105433
30.500000,49577.231952,24353.279396,16069.488652
30.550000,49376.035337,24444.680423,16179.284240
30.600000,49174.908076,24535.601868,16289.490056
30.650000,48973.859930,24626.036143,16400.103926
30.700000,48772.900633,24715.975727,16511.123640
30.750000,48572.039882,24805.413164,16622.546954
30.800000,48371.287343,24894.341063,16734.371594
30.850000,48170.652644,24982.752108,16846.595249
30.900000,47970.145375,25070.639048,16959.215577
30.950000,47769.775087,25157.994710,17072.230203
31.000000,47569.551287,25244.811991,17185.636722
31.050000,47369.483441,25331.083866,17299.432693
31.100000,47169.580967,25416.803386,17413.615648
31.150000,46969.853235,25501.963680,17528.183085
31.200000,46770.309569,25586.557960,17643.132472
31.250000,46570.959238,25670.579515,17758.461247
31.300000,46371.811462,25754.021720,17874.166818
31.350000,46172.875403,25836.878033,17990.246564
31.400000,45974.160171,25919.141997,18106.697832
31.450000,45775.674815,26000.807241,18223.517944
31.500000,45577.428326,26081.867484,18340.704190
31.550000,45379.429633,26162.316533,18458.253834
31.600000,45181.687604,26242.148284,18576.164113
31.650000,44984.211041,26321.356725,18694.432234
31.700000,44787.008683,26399.935938,18813.055379
31.750000,44590.089200,26477.880095,18932.030705
31.800000,44393.461194,26555.183467,19051.355339
31.850000,44197.133197,26631.840417,19171.026386
31.900000,44001.113669,26707.845406,19291.040925
31.950000,43805.411000,26783.192991,19411.396009
32.000000,43610.033503,26857.877830,19532.088668
32.050000,43414.989416,26931.894677,19653.115907
32.100000,43220.286903,27005.238387,19774.474710
32.150000,43025.934048,27077.903917,19896.162035
32.200000,42831.938856,27149.886324,20018.174821
32.250000,42638.309252,27221.180767,20140.509980
32.300000,42445.053082,27291.782510,20263.164408
32.350000,42252.178107,27361.686916,20386.134977
32.400000,42059.692005,27430.889458,20509.418538
32.450000,41867.602370,27499.385708,20633.011923
32.500000,41675.916711,27567.171346,20756.911943
32.550000,41484.642450,27634.242157,20881.115393
32.600000,41293.786923,27700.594033,21005.619044
32.650000,41103.357375,27766.222970,21130.419654
32.700000,40913.360965,27831.125074,21255.513961
32.750000,40723.804761,27895.296555,21380.898684
32.800000,40534.695739,27958.733733,21506.570528
32.850000,40346.040786,28021.433033,21632.526181
32.900000,40157.846695,28083.390992,21758.762314
32.950000,39970.120167,28144.604250,21885.275583
33.000000,39782.867810,28205.069560,22012.062630
33.050000,39596.096138,28264.783780,22139.120082
33.100000,39409.811569,28323.743878,22266.444553
33.150000,39224.020427,28381.946931,22394.032642
33.200000,39038.728940,28439.390124,22521.880935
33.250000,38853.943241,28496.070750,22649.986009
33.300000,38669.669364,28551.986212,22778.344424
33.350000,38485.913249,28607.134018,22906.952733
33.400000,38302.680736,28661.511789,23035.807475
33.450000,38119.977568,28715.117251,23164.905181
33.500000,37937.809393,28767.948238,23294.242369
33.550000,37756.181755,28820.002694,23423.815550
33.600000,37575.100106,28871.278669,23553.621226
33.650000,37394.569794,28921.774319,23683.655888
33.700000,37214.596070,28971.487908,23813.916021
33.750000,37035.184088,29020.417809,23944.398103
33.800000,36856.338899,29068.562497,24075.098604
33.850000,36678.065459,29115.920555,24206.013986
33.900000,36500.368621,29162.490672,24337.140707
33.950000,36323.253141,29208.271641,24468.475218
34.000000,36146.723675,29253.262359,24600.013966
34.050000,35970.784780,29297.461828,24731.753393
34.100000,35795.440913,29340.869152,24863.689934
34.150000,35620.696433,29383.483541,24995.820025
34.200000,35446.555601,29425.304303,25128.140096
34.250000,35273.022576,29466.330851,25260.646573
34.300000,35100.101421,29506.562698,25393.335881
34.350000,34927.796099,29545.999456,25526.204445
34.400000,34756.110478,29584.640838,25659.248684
34.450000,34585.048324,29622.486657,25792.465019
34.500000,34414.613308,29659.536822,25925.849870
34.550000,34244.809002,29695.791341,26059.399657
34.600000,34075.638883,29731.250319,26193.110799
34.650000,33907.106329,29765.913954,26326.979717
34.700000,33739.214625,29799.782544,26461.002832
34.750000,33571.966956,29832.856477,26595.176567
34.800000,33405.366415,29865.136236,26729.497349
34.850000,33239.415999,29896.622397,26863.961603
34.900000,33074.118611,29927.315628,26998.565761
34.950000,32909.477058,29957.216687,27133.306256
35.000000,32745.494055,29986.326421,27268.179524
35.050000,32582.172225,30014.645767,27403.182008
35.100000,32419.514097,30042.175751,27538.310152
35.150000,32257.522109,30068.917484,27673.560407
35.200000,32096.198607,30094.872164,27808.929229
35.250000,31935.545848,30120.041074,27944.413078
35.300000,31775.565997,30144.425581,28080.008422
35.350000,31616.261130,30168.027136,28215.711734
35.400000,31457.633237,30190.847269,28351.519494
35.450000,31299.684216,30212.887595,28487.428189
35.500000,31142.415880,30234.149805,28623.434315
35.550000,30985.829954,30254.635673,28759.534373
35.600000,30829.928080,30274.347046,28895.724874
35.650000,30674.711811,30293.285851,29032.002338
35.700000,30520.182618,30311.454091,29168.363291
35.750000,30366.341888,30328.853840,29304.804272
35.800000,30213.190924,30345.487250,29441.321826
35.850000,30060.730948,30361.356541,29577.912511
35.900000,29908.963101,30376.464007,29714.572892
35.950000,29757.888441,30390.812011,29851.299548
36.000000,29607.507950,30404.402985,29988.089065
36.050000,29457.822527,30417.239430,30124.938043
36.100000,29308.832997,30429.323911,30261.843092
36.150000,29160.540106,30440.659060,30398.800834
36.200000,29012.944522,30451.247575,30535.807903
36.250000,28866.046839,30461.092215,30672.860946
36.300000,28719.847577,30470.195801,30809.956622
36.350000,28574.347182,30478.561216,30947.091601
36.400000,28429.546026,30486.191404,31084.262570
36.450000,28285.444410,30493.089364,31221.466226
36.500000,28142.042563,30499.258157,31358.699280
36.550000,27999.340644,30504.700896,31495.958460
36.600000,27857.338744,30509.420752,31633.240504
36.650000,27716.036884,30513.420949,31770.542167
36.700000,27575.435018,30516.704764,31907.860218
36.750000,27435.533032,30519.275527,32045.191440
36.800000,27296.330750,30521.136617,32182.532633
36.850000,27157.827927,30522.291462,32319.880611
36.900000,27020.024257,30522.743540,32457.232202
36.950000,26882.919370,30522.496376,32594.584254
37.000000,26746.512833,30521.553540,32731.933626
37.050000,26610.804154,30519.918648,32869.277197
37.100000,26475.792780,30517.595359,33006.611861
37.150000,26341.478097,30514.587375,33143.934529
37.200000,26207.859435,30510.898439,33281.242126
37.250000,26074.936065,30506.532336,33418.531599
37.300000,25942.707204,30501.492889,33555.799907
37.350000,25811.172010,30495.783960,33693.044031
37.400000,25680.329588,30489.409447,33830.260965
37.450000,25550.178990,30482.373287,33967.447723
37.500000,25420.719214,30474.679448,34104.601338
37.550000,25291.949207,30466.331935,34241.718858
37.600000,25163.867864,30457.334785,34378.797351
37.650000,25036.474031,30447.692066,34515.833902
37.700000,24909.766505,30437.407878,34652.825617
37.750000,24783.744032,30426.486351,34789.769617
37.800000,24658.405314,30414.931642,34926.663044
37.850000,24533.749005,30402.747937,35063.503059
37.900000,24409.773713,30389.939448,35200.286839
37.950000,24286.478004,30376.510414,35337.011583
38.000000,24163.860396,30362.465096,35473.674508
38.050000,24041.919366,30347.807783,35610.272851
38.100000,23920.653351,30332.542782,35746.803866
38.150000,23800.060744,30316.674425,35883.264831
38.200000,23680.139898,30300.207064,36019.653038
38.250000,23560.889128,30283.145070,36155.965802
38.300000,23442.306709,30265.492833,36292.200458
38.350000,23324.390879,30247.254762,36428.354359
38.400000,23207.139839,30228.435282,36564.424879
38.450000,23090.551753,30209.038836,36700.409411
38.500000,22974.624751,30189.069879,36836.305370
38.550000,22859.356929,30168.532883,36972.110188
38.600000,22744.746346,30147.432334,37107.821320
38.650000,22630.791032,30125.772727,37243.436240
38.700000,22517.488984,30103.558573,37378.952443
38.750000,22404.838166,30080.794391,37514.367442
38.800000,22292.836514,30057.484712,37649.678774
38.850000,22181.481932,30033.634075,37784.883993
38.900000,22070.772297,30009.247027,37919.980676
38.950000,21960.705457,29984.328124,38054.966419
39.000000,21851.279234,29958.881928,38189.838838
39.050000,21742.491420,29932.913008,38324.595572
39.100000,21634.339784,29906.425938,38459.234278
39.150000,21526.822070,29879.425295,38593.752635
39.200000,21419.935996,29851.915662,38728.148342
39.250000,21313.679257,29823.901624,38862.419120
39.300000,21208.049525,29795.387768,38996.562707
39.350000,21103.044450,29766.378684,39130.576867
39.400000,20998.661660,29736.878961,39264.459379
39.450000,20894.898762,29706.893190,39398.208048
39.500000,20791.753344,29676.425960,39531.820696
39.550000,20689.222972,29645.481862,39665.295167
39.600000,20587.305195,29614.065480,39798.629324
39.650000,20485.997544,29582.181401,39931.821054
39.700000,20385.297531,29549.834206,40064.868262
39.750000,20285.202653,29517.028473,40197.768874
39.800000,20185.710387,29483.768775,40330.520838
39.850000,20086.818199,29450.059682,40463.122119
39.900000,19988.523536,29415.905757,40595.570707
39.950000,19890.823833,29381.311556,40727.864611
40.000000,19793.716510,29346.281632,40860.001858
40.050000,19697.198973,29310.820528,40991.980499
40.100000,19601.268618,29274.932780,41123.798603
40.150000,19505.922825,29238.622915,41255.454260
40.200000,19411.158965,29201.895452,41386.945583
40.250000,19316.974398,29164.754902,41518.270700
40.300000,19223.366472,29127.205764,41649.427764
40.350000,19130.332526,29089.252529,41780.414946
40.400000,19037.869889,29050.899674,41911.230437
40.450000,18945.975882,29012.151668,42041.872450
40.500000,18854.647816,28973.012968,42172.339216
40.550000,18763.882996,28933.488016,42302.628987
40.600000,18673.678719,28893.581245,42432.740036
40.650000,18584.032274,28853.297073,42562.670652
40.700000,18494.940945,28812.639906,42692.419150
40.750000,18406.402008,28771.614133,42821.983859
40.800000,18318.412736,28730.224134,42951.363131
40.850000,18230.970395,28688.474269,43080.555336
40.900000,18144.072247,28646.368887,43209.558866
40.950000,18057.715551,28603.912320,43338.372129
41.000000,17971.897561,28561.108883,43466.993556
41.050000,17886.615527,28517.962878,43595.421595
41.100000,17801.866697,28474.478588,43723.654715
41.150000,17717.648317,28430.660281,43851.691402
41.200000,17633.957631,28386.512206,43979.530163
41.250000,17550.791880,28342.038597,44107.169523
41.300000,17468.148304,28297.243668,44234.608028
41.350000,17386.024143,28252.131616,44361.844241
41.400000,17304.416636,28206.706621,44488.876743
41.450000,17223.323022,28160.972841,44615.704137
41.500000,17142.740539,28114.934420,44742.325042
41.550000,17062.666426,28068.595478,44868.738096
41.600000,16983.097925,28021.960119,44994.941956
41.650000,16904.032276,27975.032425,45120.935299
41.700000,16825.466723,27927.816462,45246.716816
41.750000,16747.398509,27880.316271,45372.285220
41.800000,16669.824883,27832.535875,45497.639242
41.850000,16592.743093,27784.479278,45622.777629
41.900000,16516.150392,27736.150461,45747.699147
41.950000,16440.044035,27687.553385,45872.402581
42.000000,16364.421280,27638.691989,45996.886731
42.050000,16289.279389,27589.570193,46121.150418
42.100000,16214.615630,27540.191892,46245.192478
42.150000,16140.427272,27490.560962,46369.011766
42.200000,16066.711589,27440.681257,46492.607154
42.250000,15993.465862,27390.556608,46615.977530
42.300000,15920.687374,27340.190825,46739.121801
42.350000,15848.373416,27289.587693,46862.038891
42.400000,15776.521281,27238.750978,46984.727740
42.450000,15705.128272,27187.684423,47107.187305
42.500000,15634.191694,27136.391745,47229.416561
42.550000,15563.708860,27084.876642,47351.414497
42.600000,15493.677090,27033.142787,47473.180123
42.650000,15424.093708,26981.193832,47594.712460
42.700000,15354.956048,26929.033402,47716.010550
42.750000,15286.261448,26876.665103,47837.073449
42.800000,15218.007255,26824.092516,47957.900229
42.850000,15150.190822,26771.319198,48078.489980
42.900000,15082.809512,26718.348682,48198.841806
42.950000,15015.860692,26665.184480,48318.954828
43.000000,14949.341740,26611.830079,48438.828181
43.050000,14883.250041,26558.288941,48558.461018
43.100000,14817.582987,26504.564506,48677.852507
43.150000,14752.337981,26450.660189,48797.001829
43.200000,14687.512433,26396.579384,48915.908184
43.250000,14623.103760,26342.325456,49034.570784
43.300000,14559.109390,26287.901751,49152.988858
43.350000,14495.526761,26233.311589,49271.161650
43.400000,14432.353317,26178.558265,49389.088418
43.450000,14369.586513,26123.645052,49506.768435
43.500000,14307.223814,26068.575197,49624.200988
43.550000,14245.262693,26013.351926,49741.385381
43.600000,14183.700633,25957.978437,49858.320930
43.650000,14122.535127,25902.457906,49975.006967
43.700000,14061.763678,25846.793486,50091.442836
43.750000,14001.383799,25790.988304,50207.627897
43.800000,13941.393012,25735.045464,50323.561524
43.850000,13881.788851,25678.968045,50439.243104
43.900000,13822.568858,25622.759103,50554.672039
43.950000,13763.730586,25566.421670,50669.847743
44.000000,13705.271601,25509.958753,50784.769646
44.050000,13647.189475,25453.373336,50899.437188
44.100000,13589.481795,25396.668379,51013.849827
44.150000,13532.146155,25339.846816,51128.007029
44.200000,13475.180162,25282.911561,51241.908277
44.250000,13418.581433,25225.865501,51355.553067
44.300000,13362.347596,25168.711499,51468.940905
44.350000,13306.476290,25111.452397,51582.071313
44.400000,13250.965166,25054.091011,51694.943823
44.450000,13195.811883,24996.630134,51807.557982
44.500000,13141.014115,24939.072535,51919.913349
44.550000,13086.569545,24881.420961,52032.009494
44.600000,13032.475867,24823.678132,52143.846001
44.650000,12978.730787,24765.846749,52255.422465
44.700000,12925.332022,24707.929485,52366.738493
44.750000,12872.277301,24649.928994,52477.793705
44.800000,12819.564363,24591.847904,52588.587733
44.850000,12767.190961,24533.688820,52699.120219
44.900000,12715.154856,24475.454325,52809.390819
44.950000,12663.453824,24417.146977,52919.399199
45.000000,12612.085649,24358.769315,53029.145037
45.050000,12561.048130,24300.323849,53138.628021
45.100000,12510.339075,24241.813072,53247.847853
45.150000,12459.956305,24183.239451,53356.804245
45.200000,12409.897652,24124.605431,53465.496918
45.250000,12360.160960,24065.913434,53573.925606
45.300000,12310.744084,24007.165860,53682.090055
45.350000,12261.644892,23948.365088,53789.990019
45.400000,12212.861263,23889.513472,53897.625265
45.450000,12164.391087,23830.613345,54004.995568
45.500000,12116.232266,23771.667019,54112.100716
45.550000,12068.382714,23712.676781,54218.940505
45.600000,12020.840357,23653.644899,54325.514744
45.650000,11973.603132,23594.573618,54431.823250
45.700000,11926.668988,23535.465161,54537.865851
45.750000,11880.035886,23476.321730,54643.642384
45.800000,11833.701799,23417.145503,54749.152697
45.850000,11787.664711,23357.938642,54854.396648
45.900000,11741.922617,23298.703281,54959.374102
45.950000,11696.473525,23239.441537,55064.084938
46.000000,11651.315454,23180.155506,55168.529040
46.050000,11606.446436,23120.847260,55272.706304
46.100000,11561.864512,23061.518853,55376.616635
46.150000,11517.567737,23002.172317,55480.259946
46.200000,11473.554176,22942.809662,55583.636162
46.250000,11429.821908,22883.432880,55686.745212
46.300000,11386.369021,22824.043940,55789.587039
46.350000,11343.193615,22764.644793,55892.161592
46.400000,11300.293802,22705.237368,55994.468830
46.450000,11257.667707,22645.823574,56096.508719
46.500000,11215.313463,22586.405301,56198.281235
46.550000,11173.229219,22526.984418,56299.786363
46.600000,11131.413131,22467.562775,56401.024094
46.650000,11089.863370,22408.142201,56501.994429
46.700000,11048.578115,22348.724507,56602.697378
46.750000,11007.555559,22289.311484,56703.132957
46.800000,10966.793906,22229.904902,56803.301191
46.850000,10926.291371,22170.506516,56903.202113
46.900000,10886.046179,22111.118056,57002.835765
46.950000,10846.056568,22051.741239,57102.202193
47.000000,10806.320786,21992.377758,57201.301456
47.050000,10766.837093,21933.029291,57300.133616
47.100000,10727.603760,21873.697495,57398.698744
47.150000,10688.619069,21814.384010,57496.996921
47.200000,10649.881313,21755.090457,57595.028230
47.250000,10611.388795,21695.818438,57692.792767
47.300000,10573.139831,21636.569537,57790.290631
47.350000,10535.132747,21577.345323,57887.521930
47.400000,10497.365880,21518.147342,57984.486778
47.450000,10459.837577,21458.977126,58081.185298
47.500000,10422.546196,21399.836188,58177.617616
47.550000,10385.490108,21340.726023,58273.783870
47.600000,10348.667692,21281.648110,58369.684199
47.650000,10312.077338,21222.603909,58465.318753
47.700000,10275.717449,21163.594864,58560.687687
47.750000,10239.586437,21104.622401,58655.791162
47.800000,10203.682724,21045.687931,58750.629345
47.850000,10168.004742,20986.792845,58845.202412
47.900000,10132.550937,20927.938521,58939.510542
47.950000,10097.319761,20869.126317,59033.553922
48.000000,10062.309680,20810.357576,59127.332744
48.050000,10027.519167,20751.633626,59220.847207
48.100000,9992.946708,20692.955776,59314.097516
48.150000,9958.590799,20634.325321,59407.083881
48.200000,9924.449944,20575.743539,59499.806517
48.250000,9890.522660,20517.211692,59592.265647
48.300000,9856.807472,20458.731029,59684.461499
48.350000,9823.302916,20400.302779,59776.394305
48.400000,9790.007538,20341.928158,59868.064304
48.450000,9756.919893,20283.608366,59959.471741
48.500000,9724.038547,20225.344589,60050.616864
48.550000,9691.362076,20167.137996,60141.499928
48.600000,9658.889065,20108.989741,60232.121193
48.650000,9626.618109,20050.900966,60322.480925
48.700000,9594.547813,19992.872794,60412.579393
48.750000,9562.676791,19934.906336,60502.416873
48.800000,9531.003667,19877.002689,60591.993644
48.850000,9499.527075,19819.162932,60681.309993
48.900000,9468.245658,19761.388134,60770.366208
48.950000,9437.158069,19703.679347,60859.162585
49.000000,9406.262968,19646.037609,60947.699423
49.050000,9375.559029,19588.463946,61035.977025
49.100000,9345.044930,19530.959368,61123.995702
49.150000,9314.719363,19473.524873,61211.755765
49.200000,9284.581025,19416.161443,61299.257532
49.250000,9254.628625,19358.870049,61386.501326
49.300000,9224.860881,19301.651647,61473.487472
49.350000,9195.276519,19244.507180,61560.216302
49.400000,9165.874273,19187.437578,61646.688149
49.450000,9136.652888,19130.443759,61732.903353
49.500000,9107.611117,19073.526625,61818.862258
49.550000,9078.747722,19016.687068,61904.565209
49.600000,9050.061474,18959.925967,61990.012559
49.650000,9021.551152,18903.244186,62075.204662
49.700000,8993.215543,18846.642579,62160.141877
49.750000,8965.053446,18790.121987,62244.824567
49.800000,8937.063664,18733.683238,62329.253098
49.850000,8909.245012,18677.327148,62413.427840
49.900000,8881.596312,18621.054521,62497.349167
49.950000,8854.116394,18564.866149,62581.017457
50.000000,8826.804097,18508.762812,62664.433090
50.050000,8799.658270,18452.745279,62747.596451
50.100000,8772.677766,18396.814306,62830.507928
50.150000,8745.861451,18340.970638,62913.167911
50.200000,8719.208196,18285.215009,62995.576795
50.250000,8692.716880,18229.548141,63077.734979
50.300000,8666.386393,18173.970744,63159.642863
50.350000,8640.215629,18118.483520,63241.300851
50.400000,8614.203494,18063.087155,63322.709351
50.450000,8588.348898,18007.782329,63403.868773
50.500000,8562.650763,17952.569707,63484.779530
50.550000,8537.108014,17897.449947,63565.442039
50.600000,8511.719588,17842.423692,63645.856720
50.650000,8486.484427,17787.491579,63726.023994
50.700000,8461.401483,17732.654231,63805.944286
50.750000,8436.469712,17677.912263,63885.618025
50.800000,8411.688082,17623.266278,63965.045641
50.850000,8387.055565,17568.716869,64044.227566
50.900000,8362.571142,17514.264620,64123.164238
50.950000,8338.233801,17459.910105,64201.856094
51.000000,8314.042537,17405.653886,64280.303576
51.050000,8289.996354,17351.496518,64358.507128
51.100000,8266.094261,17297.438545,64436.467194
51.150000,8242.335275,17243.480500,64514.184225
51.200000,8218.718421,17189.622910,64591.658669
51.250000,8195.242730,17135.866288,64668.890982
51.300000,8171.907240,17082.211141,64745.881618
51.350000,8148.710998,17028.657967,64822.631035
51.400000,8125.653055,16975.207251,64899.139694
51.450000,8102.732471,16921.859474,64975.408055
51.500000,8079.948311,16868.615105,65051.436584
51.550000,8057.299650,16815.474603,65127.225747
51.600000,8034.785567,16762.438422,65202.776012
51.650000,8012.405147,16709.507003,65278.087850
51.700000,7990.157485,16656.680782,65353.161733
51.750000,7968.041681,16603.960184,65427.998135
51.800000,7946.056840,16551.345627,65502.597533
51.850000,7924.202075,16498.837519,65576.960406
51.900000,7902.476506,16446.436262,65651.087231
51.950000,7880.879259,16394.142248,65724.978493
52.000000,7859.409466,16341.955861,65798.634673
52.050000,7838.066266,16289.877477,65872.056258
52.100000,7816.848803,16237.907464,65945.243733
52.150000,7795.756228,16186.046184,66018.197588
52.200000,7774.787699,16134.293988,66090.918312
52.250000,7753.942380,16082.651222,66163.406398
52.300000,7733.219440,16031.118222,66235.662338
52.350000,7712.618055,15979.695318,66307.686627
52.400000,7692.137406,15928.382833,66379.479761
52.450000,7671.776682,15877.181080,66451.042239
52.500000,7651.535076,15826.090367,66522.374558
52.550000,7631.411787,15775.110994,66593.477219
52.600000,7611.406023,15724.243253,66664.350724
52.650000,7591.516992,15673.487432,66734.995576
52.700000,7571.743914,15622.843807,66805.412279
52.750000,7552.086010,15572.312651,66875.601339
52.800000,7532.542509,15521.894228,66945.563262
52.850000,7513.112646,15471.588797,67015.298557
52.900000,7493.795661,15421.396608,67084.807731
52.950000,7474.590797,15371.317906,67154.091296
53.000000,7455.497308,15321.352929,67223.149763
53.050000,7436.514449,15271.501908,67291.983644
53.100000,7417.641481,15221.765067,67360.593451
53.150000,7398.877673,15172.142626,67428.979701
53.200000,7380.222297,15122.634796,67497.142907
53.250000,7361.674631,15073.241782,67565.083586
53.300000,7343.233959,15023.963786,67632.802255
53.350000,7324.899568,14974.800999,67700.299433
53.400000,7306.670753,14925.753609,67767.575638
53.450000,7288.546813,14876.821798,67834.631389
53.500000,7270.527051,14828.005741,67901.467207
53.550000,7252.610778,14779.305608,67968.083614
53.600000,7234.797307,14730.721561,68034.481132
53.650000,7217.085957,14682.253760,68100.660283
53.700000,7199.476053,14633.902357,68166.621590
53.750000,7181.966924,14585.667497,68232.365579
53.800000,7164.557905,14537.549322,68297.892773
53.850000,7147.248333,14489.547969,68363.203698
53.900000,7130.037554,14441.663566,68428.298880
53.950000,7112.924916,14393.896238,68493.178846
54.000000,7095.909772,14346.246106,68557.844122
54.050000,7078.991480,14298.713283,68622.295237
54.100000,7062.169404,14251.297879,68686.532718
54.150000,7045.442910,14203.999996,68750.557094
54.200000,7028.811371,14156.819734,68814.368894
54.250000,7012.274165,14109.757187,68877.968648
54.300000,6995.830671,14062.812444,68941.356885
54.350000,6979.480276,14015.985587,69004.534137
54.400000,6963.222370,13969.276697,69067.500933
54.450000,6947.056348,13922.685848,69130.257804
54.500000,6930.981609,13876.213108,69192.805283
54.550000,6914.997557,13829.858543,69255.143899
54.600000,6899.103600,13783.622213,69317.274187
54.650000,6883.299150,13737.504174,69379.196677
54.700000,6867.583623,13691.504476,69440.911902
54.750000,6851.956440,13645.623165,69502.420395
54.800000,6836.417027,13599.860286,69563.722688
54.850000,6820.964812,13554.215874,69624.819315
54.900000,6805.599228,13508.689963,69685.710809
54.950000,6790.319715,13463.282583,69746.397702
55.000000,6775.125712,13417.993758,69806.880530
55.050000,6760.016666,13372.823510,69867.159824
55.100000,6744.992026,13327.771855,69927.236119
55.150000,6730.051246,13282.838805,69987.109949
55.200000,6715.193784,13238.024370,70046.781846
55.250000,6700.419101,13193.328553,70106.252346
55.300000,6685.726663,13148.751356,70165.521981
55.350000,6671.115939,13104.292775,70224.591286
55.400000,6656.586402,13059.952803,70283.460794
55.450000,6642.137530,13015.731430,70342.131039
55.500000,6627.768804,12971.628641,70400.602555
55.550000,6613.479707,12927.644418,70458.875875
55.600000,6599.269729,12883.778738,70516.951532
55.650000,6585.138362,12840.031577,70574.830061
55.700000,6571.085100,12796.402905,70632.511994
55.750000,6557.109445,12752.892690,70689.997865
55.800000,6543.210898,12709.500896,70747.288206
55.850000,6529.388966,12666.227483,70804.383551
55.900000,6515.643160,12623.072409,70861.284431
55.950000,6501.972993,12580.035628,70917.991380
56.000000,6488.377982,12537.117089,70974.504929
56.050000,6474.857649,12494.316741,71030.825611
56.100000,6461.411516,12451.634527,71086.953957
56.150000,6448.039113,12409.070388,71142.890499
56.200000,6434.739970,12366.624262,71198.635767
56.250000,6421.513622,12324.296084,71254.190294
56.300000,6408.359605,12282.085786,71309.554609
56.350000,6395.277462,12239.993295,71364.729243
56.400000,6382.266736,12198.018539,71419.714725
56.450000,6369.326976,12156.161438,71474.511586
56.500000,6356.457731,12114.421914,71529.120355
56.550000,6343.658557,12072.799883,71583.541560
56.600000,6330.929011,12031.295260,71637.775730
56.650000,6318.268652,11989.907955,71691.823393
56.700000,6305.677046,11948.637877,71745.685077
56.750000,6293.153758,11907.484932,71799.361310
56.800000,6280.698359,11866.449024,71852.852617
56.850000,6268.310421,11825.530053,71906.159526
56.900000,6255.989520,11784.727917,71959.282563
56.950000,6243.735236,11744.042512,72012.222252
57.000000,6231.547150,11703.473729,72064.979120
57.050000,6219.424849,11663.021460,72117.553691
57.100000,6207.367919,11622.685593,72169.946488
57.150000,6195.375951,11582.466013,72222.158036
57.200000,6183.448540,11542.362604,72274.188856
57.250000,6171.585282,11502.375245,72326.039473
57.300000,6159.785777,11462.503816,72377.710408
57.350000,6148.049627,11422.748192,72429.202181
57.400000,6136.376438,11383.108247,72480.515315
57.450000,6124.765818,11343.583853,72531.650329
57.500000,6113.217377,11304.174880,72582.607743
57.550000,6101.730730,11264.881194,72633.388076
57.600000,6090.305493,11225.702661,72683.991846
57.650000,6078.941284,11186.639144,72734.419572
57.700000,6067.637726,11147.690503,72784.671771
57.750000,6056.394444,11108.856598,72834.748959
57.800000,6045.211063,11070.137285,72884.651652
57.850000,6034.087215,11031.532419,72934.380366
57.900000,6023.022532,10993.041853,72983.935615
57.950000,6012.016648,10954.665438,73033.317914
58.000000,6001.069201,10916.403024,73082.527775
58.050000,5990.179832,10878.254457,73131.565712
58.100000,5979.348182,10840.219582,73180.432236
58.150000,5968.573898,10802.298244,73229.127858
58.200000,5957.856627,10764.490283,73277.653090
58.250000,5947.196019,10726.795541,73326.008441
58.300000,5936.591726,10689.213854,73374.194419
58.350000,5926.043404,10651.745061,73422.211535
58.400000,5915.550711,10614.388995,73470.060294
58.450000,5905.113306,10577.145489,73517.741205
58.500000,5894.730851,10540.014376,73565.254772
58.550000,5884.403012,10502.995486,73612.601502
58.600000,5874.129455,10466.088646,73659.781900
58.650000,5863.909849,10429.293683,73706.796468
58.700000,5853.743866,10392.610423,73753.645710
58.750000,5843.631181,10356.038690,73800.330129
58.800000,5833.571469,10319.578306,73846.850225
58.850000,5823.564408,10283.229091,73893.206500
58.900000,5813.609680,10246.990866,73939.399454
58.950000,5803.706968,10210.863448,73985.429584
59.000000,5793.855956,10174.846653,74031.297391
59.050000,5784.056332,10138.940298,74077.003370
59.100000,5774.307785,10103.144196,74122.548019
59.150000,5764.610008,10067.458159,74167.931833
59.200000,5754.962694,10031.881999,74213.155307
59.250000,5745.365538,9996.415526,74258.218935
59.300000,5735.818240,9961.058549,74303.123211
59.350000,5726.320498,9925.810876,74347.868626
59.400000,5716.872016,9890.672311,74392.455673
59.450000,5707.472497,9855.642662,74436.884840
59.500000,5698.121649,9820.721732,74481.156620
59.550000,5688.819178,9785.909323,74525.271499
59.600000,5679.564796,9751.205238,74569.229966
59.650000,5670.358215,9716.609277,74613.032508
59.700000,5661.199150,9682.121239,74656.679611
59.750000,5652.087315,9647.740924,74700.171761
59.800000,5643.022431,9613.468128,74743.509441
59.850000,5634.004217,9579.302648,74786.693135
59.900000,5625.032395,9545.244279,74829.723325
59.950000,5616.106689,9511.292817,74872.600494
60.000000,5607.226826,9477.448053,74915.325121
60.050000,5598.392532,9443.709782,74957.897686
60.100000,5589.603538,9410.077794,75000.318668
60.150000,5580.859575,9376.551880,75042.588545
60.200000,5572.160376,9343.131830,75084.707794
60.250000,5563.505677,9309.817433,75126.676890
60.300000,5554.895215,9276.608476,75168.496309
60.350000,5546.328728,9243.504748,75210.166524
60.400000,5537.805956,9210.506034,75251.688009
60.450000,5529.326644,9177.612120,75293.061236
60.500000,5520.890533,9144.822792,75334.286675
60.550000,5512.497371,9112.137832,75375.364798
60.600000,5504.146904,9079.557024,75416.296072
60.650000,5495.838882,9047.080151,75457.080967
60.700000,5487.573056,9014.706995,75497.719949
60.750000,5479.349179,8982.437336,75538.213485
60.800000,5471.167004,8950.270956,75578.562040
60.850000,5463.026289,8918.207633,75618.766078
60.900000,5454.926790,8886.247147,75658.826063
60.950000,5446.868266,8854.389277,75698.742456
61.000000,5438.850480,8822.633800,75738.515720
61.050000,5430.873192,8790.980494,75778.146314
61.100000,5422.936168,8759.429135,75817.634697
61.150000,5415.039172,8727.979499,75856.981329
61.200000,5407.181973,8696.631361,75896.186665
61.250000,5399.364340,8665.384498,75935.251163
61.300000,5391.586041,8634.238682,75974.175277
61.350000,5383.846850,8603.193688,76012.959462
61.400000,5376.146540,8572.249289,76051.604171
61.450000,5368.484886,8541.405258,76090.109856
61.500000,5360.861664,8510.661367,76128.476969
61.550000,5353.276653,8480.017389,76166.705959
61.600000,5345.729631,8449.473094,76204.797275
61.650000,5338.220381,8419.028254,76242.751366
61.700000,5330.748683,8388.682639,76280.568678
61.750000,5323.314322,8358.436020,76318.249658
61.800000,5315.917084,8328.288166,76355.794750
61.850000,5308.556755,8298.238846,76393.204399
61.900000,5301.233123,8268.287830,76430.479047
61.950000,5293.945978,8238.434885,76467.619137
62.000000,5286.695111,8208.679781,76504.625108
62.050000,5279.480313,8179.022286,76541.497401
62.100000,5272.301380,8149.462166,76578.236455
62.150000,5265.158105,8119.999189,76614.842706
62.200000,5258.050286,8090.633122,76651.316593
62.250000,5250.977719,8061.363731,76687.658549
62.300000,5243.940205,8032.190784,76723.869011
62.350000,5236.937544,8003.114046,76759.948411
62.400000,5229.969536,7974.133282,76795.897181
62.450000,5223.035987,7945.248259,76831.715754
62.500000,5216.136699,7916.458742,76867.404559
62.550000,5209.271479,7887.764496,76902.964026
62.600000,5202.440133,7859.165286,76938.394582
62.650000,5195.642469,7830.660876,76973.696655
62.700000,5188.878298,7802.251030,77008.870672
62.750000,5182.147429,7773.935515,77043.917056
62.800000,5175.449675,7745.714092,77078.836232
62.850000,5168.784849,7717.586527,77113.628624
62.900000,5162.152766,7689.552583,77148.294652
62.950000,5155.553240,7661.612023,77182.834737
63.000000,5148.986089,7633.764612,77217.249300
63.050000,5142.451130,7606.010112,77251.538758
63.100000,5135.948183,7578.348287,77285.703530
63.150000,5129.477069,7550.778900,77319.744031
63.200000,5123.037608,7523.301714,77353.660678
63.250000,5116.629624,7495.916491,77387.453884
63.300000,5110.252940,7468.622996,77421.124064
63.350000,5103.907382,7441.420990,77454.671629
63.400000,5097.592775,7414.310236,77488.096990
63.450000,5091.308946,7387.290496,77521.400557
63.500000,5085.055725,7360.361535,77554.582740
63.550000,5078.832940,7333.523113,77587.643947
63.600000,5072.640422,7306.774994,77620.584584
63.650000,5066.478003,7280.116940,77653.405057
63.700000,5060.345516,7253.548713,77686.105771
63.750000,5054.242794,7227.070076,77718.687130
63.800000,5048.169672,7200.680792,77751.149536
63.850000,5042.125987,7174.380623,77783.493391
63.900000,5036.111574,7148.169331,77815.719095
63.950000,5030.126274,7122.046679,77847.827048
64.000000,5024.169923,7096.012430,77879.817647
64.050000,5018.242363,7070.066345,77911.691292
64.100000,5012.343435,7044.208189,77943.448376
64.150000,5006.472980,7018.437723,77975.089297
64.200000,5000.630843,6992.754710,78006.614447
64.250000,4994.816867,6967.158913,78038.024220
64.300000,4989.030897,6941.650095,78069.319008
64.350000,4983.272780,6916.228019,78100.499201
64.400000,4977.542363,6890.892447,78131.565190
64.450000,4971.839493,6865.643144,78162.517362
64.500000,4966.164021,6840.479872,78193.356107
64.550000,4960.515795,6815.402395,78224.081810
64.600000,4954.894668,6790.410476,78254.694857
64.650000,4949.300490,6765.503878,78285.195632
64.700000,4943.733115,6740.682366,78315.584519
64.750000,4938.192396,6715.945703,78345.861901
64.800000,4932.678189,6691.293653,78376.028158
64.850000,4927.190349,6666.725981,78406.083670
64.900000,4921.728732,6642.242450,78436.028818
64.950000,4916.293196,6617.842825,78465.863978
65.000000,4910.883600,6593.526871,78495.589529
65.050000,4905.499802,6569.294353,78525.205845
65.100000,4900.141663,6545.145035,78554.713303
65.150000,4894.809043,6521.078682,78584.112275
65.200000,4889.501805,6497.095060,78613.403135
65.250000,4884.219812,6473.193934,78642.586254
65.300000,4878.962926,6449.375070,78671.662004
65.350000,4873.731013,6425.638235,78700.630753
65.400000,4868.523937,6401.983193,78729.492870
65.450000,4863.341565,6378.409711,78758.248724
65.500000,4858.183764,6354.917556,78786.898680
65.550000,4853.050402,6331.506494,78815.443104
65.600000,4847.941347,6308.176293,78843.882360
65.650000,4842.856469,6284.926719,78872.216811
65.700000,4837.795638,6261.757541,78900.446821
65.750000,4832.758725,6238.668525,78928.572749
65.800000,4827.745602,6215.659440,78956.594957
65.850000,4822.756142,6192.730054,78984.513804
65.900000,4817.790218,6169.880135,79012.329647
65.950000,4812.847704,6147.109452,79040.042844
66.000000,4807.928476,6124.417773,79067.653751
66.050000,4803.032409,6101.804869,79095.162722
66.100000,4798.159380,6079.270508,79122.570112
66.150000,4793.309265,6056.814461,79149.876274
66.200000,4788.481944,6034.436496,79177.081559
66.250000,4783.677295,6012.136386,79204.186319
66.300000,4778.895197,5989.913899,79231.190903
66.350000,4774.135532,5967.768808,79258.095660
66.400000,4769.398179,5945.700883,79284.900938
66.450000,4764.683021,5923.709896,79311.607084
66.500000,4759.989940,5901.795618,79338.214443
66.550000,4755.318819,5879.957822,79364.723359
66.600000,4750.669543,5858.196280,79391.134177
66.650000,4746.041996,5836.510764,79417.447240
66.700000,4741.436063,5814.901049,79443.662888
66.750000,4736.851631,5793.366907,79469.781462
66.800000,4732.288586,5771.908111,79495.803303
66.850000,4727.746815,5750.524437,79521.728748
66.900000,4723.226207,5729.215657,79547.558135
66.950000,4718.726651,5707.981548,79573.291801
67.000000,4714.248036,5686.821883,79598.930081
67.050000,4709.790252,5665.736439,79624.473309
67.100000,4705.353189,5644.724991,79649.921820
67.150000,4700.936741,5623.787314,79675.275945
67.200000,4696.540797,5602.923187,79700.536016
67.250000,4692.165253,5582.132384,79725.702364
67.300000,4687.809999,5561.414683,79750.775317
67.350000,4683.474932,5540.769863,79775.755205
67.400000,4679.159946,5520.197700,79800.642355
67.450000,4674.864935,5499.697972,79825.437093
67.500000,4670.589796,5479.270459,79850.139745
67.550000,4666.334426,5458.914939,79874.750635
67.600000,4662.098721,5438.631192,79899.270087
67.650000,4657.882580,5418.418997,79923.698423
67.700000,4653.685901,5398.278134,79948.035965
67.750000,4649.508583,5378.208384,79972.283033
67.800000,4645.350525,5358.209528,79996.439947
67.850000,4641.211629,5338.281346,80020.507025
67.900000,4637.091795,5318.423621,80044.484585
67.950000,4632.990923,5298.636134,80068.372943
68.000000,4628.908918,5278.918668,80092.172415
68.050000,4624.845680,5259.271005,80115.883316
68.100000,4620.801113,5239.692929,80139.505958
68.150000,4616.775121,5220.184223,80163.040656
68.200000,4612.767609,5200.744671,80186.487720
68.250000,4608.778481,5181.374058,80209.847461
68.300000,4604.807643,5162.072168,80233.120190
68.350000,4600.855000,5142.838786,80256.306214
68.400000,4596.920460,5123.673699,80279.405841
68.450000,4593.003929,5104.576692,80302.419379
68.500000,4589.105315,5085.547551,80325.347133
68.550000,4585.224527,5066.586064,80348.189408
68.600000,4581.361474,5047.692017,80370.946509
68.650000,4577.516063,5028.865199,80393.618737
68.700000,4573.688207,5010.105397,80416.206396
68.750000,4569.877814,4991.412400,80438.709786
68.800000,4566.084795,4972.785997,80461.129208
68.850000,4562.309063,4954.225977,80483.464960
68.900000,4558.550529,4935.732130,80505.717341
68.950000,4554.809106,4917.304246,80527.886648
69.000000,4551.084706,4898.942116,80549.973178
69.050000,4547.377244,4880.645531,80571.977225
69.100000,4543.686632,4862.414282,80593.899085
69.150000,4540.012787,4844.248162,80615.739052
69.200000,4536.355621,4826.146962,80637.497416
69.250000,4532.715052,4808.110477,80659.174471
69.300000,4529.090995,4790.138498,80680.770507
69.350000,4525.483367,4772.230819,80702.285814
69.400000,4521.892084,4754.387235,80723.720681
69.450000,4518.317064,4736.607541,80745.075395
69.500000,4514.758225,4718.891531,80766.350244
69.550000,4511.215485,4701.239001,80787.545514
69.600000,4507.688764,4683.649746,80808.661490
69.650000,4504.177980,4666.123563,80829.698456
69.700000,4500.683054,4648.660250,80850.656696
69.750000,4497.203905,4631.259603,80871.536493
69.800000,4493.740454,4613.921419,80892.338127
69.850000,4490.292623,4596.645498,80913.061879
69.900000,4486.860334,4579.431637,80933.708029
69.950000,4483.443508,4562.279636,80954.276856
70.000000,4480.042067,4545.189295,80974.768638
70.050000,4476.655936,4528.160412,80995.183652
70.100000,4473.285036,4511.192790,81015.522174
70.150000,4469.929293,4494.286228,81035.784479
70.200000,4466.588631,4477.440528,81055.970841
70.250000,4463.262973,4460.655492,81076.081535
70.300000,4459.952246,4443.930922,81096.116831
70.350000,4456.656375,4427.266621,81116.077003
70.400000,4453.375286,4410.662393,81135.962321
70.450000,4450.108906,4394.118039,81155.773055
70.500000,4446.857161,4377.633366,81175.509473
70.550000,4443.619978,4361.208178,81195.171844
70.600000,4440.397286,4344.842278,81214.760436
70.650000,4437.189012,4328.535474,81234.275513
70.700000,4433.995086,4312.287571,81253.717343
70.750000,4430.815435,4296.098376,81273.086190
70.800000,4427.649989,4279.967695,81292.382316
70.850000,4424.498678,4263.895335,81311.605986
70.900000,4421.361433,4247.881106,81330.757462
70.950000,4418.238183,4231.924814,81349.837003
71.000000,4415.128859,4216.026269,81368.844872
71.050000,4412.033394,4200.185281,81387.781326
71.100000,4408.951717,4184.401658,81406.646625
71.150000,4405.883763,4168.675211,81425.441027
71.200000,4402.829462,4153.005751,81444.164787
71.250000,4399.788748,4137.393088,81462.818164
71.300000,4396.761555,4121.837035,81481.401410
71.350000,4393.747815,4106.337404,81499.914782
71.400000,4390.747462,4090.894006,81518.358531
71.450000,4387.760432,4075.506656,81536.732912
71.500000,4384.786658,4060.175167,81555.038175
71.550000,4381.826076,4044.899352,81573.274572
71.600000,4378.878622,4029.679026,81591.442352
71.650000,4375.944230,4014.514004,81609.541766
71.700000,4373.022837,3999.404102,81627.573061
71.750000,4370.114380,3984.349134,81645.536485
71.800000,4367.218796,3969.348919,81663.432285
71.850000,4364.336021,3954.403272,81681.260707
71.900000,4361.465994,3939.512010,81699.021996
71.950000,4358.608651,3924.674952,81716.716397
72.000000,4355.763932,3909.891916,81734.344152
72.050000,4352.931775,3895.162720,81751.905505
72.100000,4350.112120,3880.487184,81769.400697
72.150000,4347.304904,3865.865127,81786.829970
72.200000,4344.510068,3851.296369,81804.193563
72.250000,4341.727552,3836.780731,81821.491717
72.300000,4338.957296,3822.318035,81838.724669
72.350000,4336.199241,3807.908101,81855.892658
72.400000,4333.453327,3793.550752,81872.995921
72.450000,4330.719496,3779.245811,81890.034693
72.500000,4327.997690,3764.993099,81907.009211
72.550000,4325.287850,3750.792441,81923.919709
72.600000,4322.589918,3736.643661,81940.766421
72.650000,4319.903838,3722.546582,81957.549580
72.700000,4317.229551,3708.501031,81974.269418
72.750000,4314.567002,3694.506832,81990.926166
72.800000,4311.916133,3680.563811,82007.520056
72.850000,4309.276889,3666.671794,82024.051317
72.900000,4306.649214,3652.830608,82040.520178
72.950000,4304.033051,3639.040081,82056.926868
73.000000,4301.428346,3625.300040,82073.271615
73.050000,4298.835043,3611.610313,82089.554644
73.100000,4296.253088,3597.970729,82105.776183
73.150000,4293.682427,3584.381117,82121.936456
73.200000,4291.123006,3570.841307,82138.035688
73.250000,4288.574770,3557.351128,82154.074102
73.300000,4286.037666,3543.910412,82170.051922
73.350000,4283.511641,3530.518990,82185.969370
73.400000,4280.996642,3517.176692,82201.826667
73.450000,4278.492616,3503.883351,82217.624033
73.500000,4275.999511,3490.638799,82233.361690
73.550000,4273.517276,3477.442869,82249.039855
73.600000,4271.045857,3464.295395,82264.658748
73.650000,4268.585204,3451.196210,82280.218586
73.700000,4266.135265,3438.145149,82295.719586
73.750000,4263.695989,3425.142046,82311.161965
73.800000,4261.267326,3412.186737,82326.545937
73.850000,4258.849226,3399.279057,82341.871717
73.900000,4256.441637,3386.418843,82357.139519
73.950000,4254.044511,3373.605931,82372.349557
74.000000,4251.657798,3360.840159,82387.502043
74.050000,4249.281447,3348.121363,82402.597189
74.100000,4246.915411,3335.449383,82417.635206
74.150000,4244.559641,3322.824056,82432.616304
74.200000,4242.214087,3310.245221,82447.540692
74.250000,4239.878702,3297.712718,82462.408580
74.300000,4237.553437,3285.226387,82477.220176
74.350000,4235.238245,3272.786068,82491.975687
74.400000,4232.933078,3260.391603,82506.675319
74.450000,4230.637889,3248.042831,82521.319280
74.500000,4228.352632,3235.739595,82535.907773
74.550000,4226.077258,3223.481738,82550.441004
74.600000,4223.811722,3211.269102,82564.919176
74.650000,4221.555977,3199.101529,82579.342494
74.700000,4219.309978,3186.978865,82593.711158
74.750000,4217.073678,3174.900952,82608.025370
74.800000,4214.847032,3162.867635,82622.285333
74.850000,4212.629995,3150.878759,82636.491246
74.900000,4210.422522,3138.934170,82650.643308
74.950000,4208.224567,3127.033713,82664.741720
75.000000,4206.036087,3115.177235,82678.786678
75.050000,4203.857037,3103.364583,82692.778380
75.100000,4201.687372,3091.595604,82706.717024
75.150000,4199.527049,3079.870145,82720.602806
75.200000,4197.376025,3068.188054,82734.435921
75.250000,4195.234255,3056.549181,82748.216563
75.300000,4193.101697,3044.953375,82761.944928
75.350000,4190.978308,3033.400484,82775.621208
75.400000,4188.864044,3021.890359,82789.245597
75.450000,4186.758864,3010.422850,82802.818285
75.500000,4184.662725,2998.997809,82816.339466
75.550000,4182.575586,2987.615085,82829.809329
75.600000,4180.497403,2976.274532,82843.228065
75.650000,4178.428136,2964.976001,82856.595863
75.700000,4176.367743,2953.719345,82869.912912
75.750000,4174.316183,2942.504418,82883.179400
75.800000,4172.273415,2931.331072,82896.395514
75.850000,4170.239398,2920.199161,82909.561441
75.900000,4168.214091,2909.108541,82922.677368
75.950000,4166.197455,2898.059065,82935.743480
76.000000,4164.189449,2887.050590,82948.759961
76.050000,4162.190033,2876.082970,82961.726997
76.100000,4160.199168,2865.156063,82974.644769
76.150000,4158.216814,2854.269724,82987.513462
76.200000,4156.242931,2843.423812,83000.333257
76.250000,4154.277480,2832.618183,83013.104337
76.300000,4152.320424,2821.852695,83025.826881
76.350000,4150.371722,2811.127207,83038.501071
76.400000,4148.431337,2800.441577,83051.127086
76.450000,4146.499229,2789.795666,83063.705105
76.500000,4144.575362,2779.189332,83076.235306
76.550000,4142.659697,2768.622435,83088.717868
76.600000,4140.752196,2758.094837,83101.152967
76.650000,4138.852822,2747.606398,83113.540780
76.700000,4136.961538,2737.156979,83125.881483
76.750000,4135.078305,2726.746443,83138.175251
76.800000,4133.203089,2716.374652,83150.422259
76.850000,4131.335850,2706.041468,83162.622681
76.900000,4129.476554,2695.746755,83174.776690
76.950000,4127.625164,2685.490377,83186.884459
77.000000,4125.781643,2675.272196,83198.946161
77.050000,4123.945956,2665.092078,83210.961966
77.100000,4122.118066,2654.949888,83222.932046
77.150000,4120.297938,2644.845490,83234.856572
77.200000,4118.485537,2634.778751,83246.735712
77.250000,4116.680827,2624.749536,83258.569637
77.300000,4114.883773,2614.757712,83270.358514
77.350000,4113.094341,2604.803147,83282.102512
77.400000,4111.312495,2594.885707,83293.801798
77.450000,4109.538201,2585.005260,83305.456539
77.500000,4107.771424,2575.161675,83317.066901
77.550000,4106.012131,2565.354820,83328.633049
77.600000,4104.260287,2555.584564,83340.155149
77.650000,4102.515858,2545.850777,83351.633365
77.700000,4100.778811,2536.153328,83363.067861
77.750000,4099.049112,2526.492088,83374.458799
77.800000,4097.326728,2516.866928,83385.806344
77.850000,4095.611626,2507.277718,83397.110656
77.900000,4093.903772,2497.724331,83408.371897
77.950000,4092.203134,2488.206638,83419.590228
78.000000,4090.509679,2478.724511,83430.765810
78.050000,4088.823374,2469.277824,83441.898802
78.100000,4087.144188,2459.866449,83452.989363
78.150000,4085.472087,2450.490260,83464.037653
78.200000,4083.807041,2441.149131,83475.043828
78.250000,4082.149016,2431.842937,83486.008047
78.300000,4080.497982,2422.571551,83496.930467
78.350000,4078.853906,2413.334851,83507.811243
78.400000,4077.216758,2404.132710,83518.650532
78.450000,4075.586506,2394.965005,83529.448489
78.500000,4073.963118,2385.831613,83540.205269
78.550000,4072.346565,2376.732410,83550.921025
78.600000,4070.736816,2367.667273,83561.595912
78.650000,4069.133838,2358.636080,83572.230081
78.700000,4067.537603,2349.638709,83582.823687
78.750000,4065.948080,2340.675039,83593.376880
78.800000,4064.365239,2331.744948,83603.889813
78.850000,4062.789049,2322.848315,83614.362635
78.900000,4061.219482,2313.985021,83624.795498
78.950000,4059.656506,2305.154944,83635.188550
79.000000,4058.100093,2296.357966,83645.541942
79.050000,4056.550213,2287.593966,83655.855821
79.100000,4055.006836,2278.862827,83666.130337
79.150000,4053.469935,2270.164429,83676.365636
79.200000,4051.939479,2261.498656,83686.561866
79.250000,4050.415440,2252.865388,83696.719173
79.300000,4048.897789,2244.264508,83706.837703
79.350000,4047.386498,2235.695901,83716.917602
79.400000,4045.881538,2227.159448,83726.959014
79.450000,4044.382881,2218.655035,83736.962085
79.500000,4042.890498,2210.182544,83746.926957
79.550000,4041.404363,2201.741862,83756.853775
79.600000,4039.924446,2193.332872,83766.742682
79.650000,4038.450720,2184.955461,83776.593818
79.700000,4036.983159,2176.609514,83786.407328
79.750000,4035.521733,2168.294916,83796.183351
79.800000,4034.066416,2160.011555,83805.922029
79.850000,4032.617180,2151.759318,83815.623502
79.900000,4031.173999,2143.538091,83825.287909
79.950000,4029.736846,2135.347763,83834.915391
80.000000,4028.305694,2127.188221,83844.506085
80.050000,4026.880516,2119.059353,83854.060131
80.100000,4025.461286,2110.961049,83863.577665
80.150000,4024.047977,2102.893197,83873.058826
80.200000,4022.640563,2094.855688,83882.503750
80.250000,4021.239017,2086.848410,83891.912573
80.300000,4019.843315,2078.871254,83901.285431
80.350000,4018.453430,2070.924111,83910.622459
80.400000,4017.069336,2063.006872,83919.923792
80.450000,4015.691007,2055.119427,83929.189565
80.500000,4014.318419,2047.261669,83938.419912
80.550000,4012.951546,2039.433490,83947.614965
80.600000,4011.590362,2031.634781,83956.774857
80.650000,4010.234842,2023.865436,83965.899722
80.700000,4008.884961,2016.125348,83974.989690
80.750000,4007.540695,2008.414411,83984.044894
80.800000,4006.202019,2000.732518,83993.065463
80.850000,4004.868908,1993.079563,84002.051530
80.900000,4003.541337,1985.455441,84011.003223
80.950000,4002.219282,1977.860046,84019.920672
81.000000,4000.902719,1970.293275,84028.804006
81.050000,3999.591623,1962.755023,84037.653354
81.100000,3998.285971,1955.245185,84046.468844
81.150000,3996.985739,1947.763658,84055.250603
81.200000,3995.690902,1940.310339,84063.998759
81.250000,3994.401437,1932.885124,84072.713438
81.300000,3993.117321,1925.487912,84081.394767
81.350000,3991.838530,1918.118599,84090.042872
81.400000,3990.565040,1910.777083,84098.657876
81.450000,3989.296829,1903.463264,84107.239907
81.500000,3988.033872,1896.177040,84115.789087
81.550000,3986.776148,1888.918310,84124.305541
81.600000,3985.523633,1881.686974,84132.789393
81.650000,3984.276305,1874.482930,84141.240765
81.700000,3983.034140,1867.306080,84149.659780
81.750000,3981.797116,1860.156324,84158.046560
81.800000,3980.565211,1853.033562,84166.401228
81.850000,3979.338402,1845.937696,84174.723903
81.900000,3978.116666,1838.868627,84183.014707
81.950000,3976.899983,1831.826257,84191.273761
82.000000,3975.688329,1824.810488,84199.501183
82.050000,3974.481683,1817.821222,84207.697095
82.100000,3973.280023,1810.858363,84215.861614
82.150000,3972.083327,1803.921814,84223.994859
82.200000,3970.891573,1797.011477,84232.096950
82.250000,3969.704740,1790.127258,84240.168002
82.300000,3968.522807,1783.269059,84248.208134
82.350000,3967.345752,1776.436786,84256.217462
82.400000,3966.173554,1769.630343,84264.196104
82.450000,3965.006191,1762.849635,84272.144174
82.500000,3963.843643,1756.094568,84280.061789
82.550000,3962.685889,1749.365047,84287.949063
82.600000,3961.532908,1742.660979,84295.806112
82.650000,3960.384680,1735.982270,84303.633050
82.700000,3959.241182,1729.328827,84311.429991
82.750000,3958.102396,1722.700556,84319.197048
82.800000,3956.968300,1716.097366,84326.934333
82.850000,3955.838875,1709.519164,84334.641961
82.900000,3954.714100,1702.965857,84342.320043
82.950000,3953.593954,1696.437355,84349.968691
83.000000,3952.478418,1689.933565,84357.588017
83.050000,3951.367472,1683.454398,84365.178130
83.100000,3950.261096,1676.999761,84372.739143
83.150000,3949.159270,1670.569565,84380.271165
83.200000,3948.061974,1664.163720,84387.774306
83.250000,3946.969189,1657.782136,84395.248675
83.300000,3945.880896,1651.424723,84402.694381
83.350000,3944.797075,1645.091392,84410.111533
83.400000,3943.717706,1638.782055,84417.500240
83.450000,3942.642770,1632.496622,84424.860608
83.500000,3941.572249,1626.235006,84432.192745
83.550000,3940.506123,1619.997119,84439.496758
83.600000,3939.444373,1613.782872,84446.772754
83.650000,3938.386981,1607.592180,84454.020839
83.700000,3937.333927,1601.424954,84461.241119
83.750000,3936.285193,1595.281108,84468.433699
83.800000,3935.240760,1589.160556,84475.598684
83.850000,3934.200610,1583.063211,84482.736179
83.900000,3933.164725,1576.988988,84489.846288
83.950000,3932.133085,1570.937801,84496.929114
84.000000,3931.105673,1564.909565,84503.984762
84.050000,3930.082471,1558.904195,84511.013335
84.100000,3929.063460,1552.921606,84518.014934
84.150000,3928.048622,1546.961715,84524.989663
84.200000,3927.037940,1541.024436,84531.937624
84.250000,3926.031396,1535.109687,84538.858917
84.300000,3925.028971,1529.217384,84545.753644
84.350000,3924.030649,1523.347444,84552.621907
84.400000,3923.036411,1517.499784,84559.463805
84.450000,3922.046241,1511.674321,84566.279438
84.500000,3921.060120,1505.870973,84573.068907
84.550000,3920.078032,1500.089658,84579.832310
84.600000,3919.099958,1494.330295,84586.569747
84.650000,3918.125883,1488.592802,84593.281316
84.700000,3917.155788,1482.877097,84599.967115
84.750000,3916.189657,1477.183101,84606.627242
84.800000,3915.227472,1471.510732,84613.261795
84.850000,3914.269218,1465.859911,84619.870871
84.900000,3913.314877,1460.230557,84626.454566
84.950000,3912.364432,1454.622590,84633.012978
85.000000,3911.417867,1449.035932,84639.546202
85.050000,3910.475165,1443.470502,84646.054333
85.100000,3909.536309,1437.926223,84652.537468
85.150000,3908.601284,1432.403015,84658.995701
85.200000,3907.670073,1426.900800,84665.429127
85.250000,3906.742660,1421.419501,84671.837839
85.300000,3905.819028,1415.959039,84678.221933
85.350000,3904.899161,1410.519337,84684.581502
85.400000,3903.983044,1405.100318,84690.916638
85.450000,3903.070660,1399.701904,84697.227436
85.500000,3902.161993,1394.324020,84703.513986
85.550000,3901.257029,1388.966589,84709.776383
85.600000,3900.355750,1383.629534,84716.014716
85.650000,3899.458141,1378.312780,84722.229079
85.700000,3898.564187,1373.016252,84728.419562
85.750000,3897.673872,1367.739873,84734.586255
85.800000,3896.787180,1362.483569,84740.729251
85.850000,3895.904097,1357.247266,84746.848637
85.900000,3895.024607,1352.030887,84752.944506
85.950000,3894.148694,1346.834361,84759.016945
86.000000,3893.276344,1341.657611,84765.066045
86.050000,3892.407541,1336.500566,84771.091893
86.100000,3891.542271,1331.363150,84777.094579
86.150000,3890.680517,1326.245292,84783.074191
86.200000,3889.822267,1321.146917,84789.030816
86.250000,3888.967504,1316.067954,84794.964542
86.300000,3888.116213,1311.008330,84800.875457
86.350000,3887.268381,1305.967973,84806.763646
86.400000,3886.423993,1300.946810,84812.629197
86.450000,3885.583033,1295.944771,84818.472196
86.500000,3884.745487,1290.961784,84824.292729
86.550000,3883.911342,1285.997777,84830.090881
86.600000,3883.080582,1281.052681,84835.866737
86.650000,3882.253194,1276.126423,84841.620383
86.700000,3881.429162,1271.218935,84847.351903
86.750000,3880.608473,1266.330145,84853.061382
86.800000,3879.791114,1261.459984,84858.748902
86.850000,3878.977068,1256.608382,84864.414549
86.900000,3878.166324,1251.775271,84870.058406
86.950000,3877.358866,1246.960580,84875.680554
87.000000,3876.554681,1242.164240,84881.281078
87.050000,3875.753756,1237.386184,84886.860060
87.100000,3874.956075,1232.626343,84892.417581
87.150000,3874.161627,1227.884649,84897.953724
87.200000,3873.370396,1223.161033,84903.468570
87.250000,3872.582370,1218.455429,84908.962200
87.300000,3871.797536,1213.767768,84914.434696
87.350000,3871.015878,1209.097985,84919.886137
87.400000,3870.237385,1204.446010,84925.316605
87.450000,3869.462043,1199.811779,84930.726178
87.500000,3868.689839,1195.195224,84936.114937
87.550000,3867.920759,1190.596280,84941.482961
87.600000,3867.154790,1186.014880,84946.830330
87.650000,3866.391920,1181.450958,84952.157121
87.700000,3865.632135,1176.904450,84957.463415
87.750000,3864.875423,1172.375290,84962.749288
87.800000,3864.121770,1167.863412,84968.014818
87.850000,3863.371163,1163.368753,84973.260084
87.900000,3862.623590,1158.891247,84978.485163
87.950000,3861.879038,1154.430831,84983.690131
88.000000,3861.137495,1149.987439,84988.875066
88.050000,3860.398948,1145.561009,84994.040043
88.100000,3859.663384,1141.151476,84999.185140
88.150000,3858.930790,1136.758778,85004.310432
88.200000,3858.201155,1132.382851,85009.415994
88.250000,3857.474466,1128.023632,85014.501903
88.300000,3856.750710,1123.681058,85019.568232
88.350000,3856.029876,1119.355067,85024.615057
88.400000,3855.311950,1115.045597,85029.642452
88.450000,3854.596922,1110.752586,85034.650492
88.500000,3853.884779,1106.475971,85039.639250
88.550000,3853.175508,1102.215692,85044.608800
88.600000,3852.469098,1097.971686,85049.559216
88.650000,3851.765536,1093.743894,85054.490570
88.700000,3851.064812,1089.532253,85059.402935
88.750000,3850.366913,1085.336703,85064.296384
88.800000,3849.671827,1081.157184,85069.170989
88.850000,3848.979542,1076.993635,85074.026823
88.900000,3848.290047,1072.845997,85078.863956
88.950000,3847.603331,1068.714209,85083.682461
89.000000,3846.919381,1064.598212,85088.482408
89.050000,3846.238186,1060.497946,85093.263868
89.100000,3845.559734,1056.413353,85098.026913
89.150000,3844.884015,1052.344373,85102.771612
89.200000,3844.211016,1048.290948,85107.498035
89.250000,3843.540727,1044.253019,85112.206253
89.300000,3842.873136,1040.230528,85116.896336
89.350000,3842.208232,1036.223416,85121.568351
89.400000,3841.546004,1032.231627,85126.222369
89.450000,3840.886440,1028.255101,85130.858459
89.500000,3840.229530,1024.293782,85135.476688
89.550000,3839.575262,1020.347612,85140.077126
89.600000,3838.923626,1016.416535,85144.659839
89.650000,3838.274610,1012.500493,85149.224897
89.700000,3837.628204,1008.599430,85153.772366
89.750000,3836.984396,1004.713289,85158.302314
89.800000,3836.343177,1000.842015,85162.814808
89.850000,3835.704535,996.985550,85167.309915
89.900000,3835.068460,993.143840,85171.787700
89.950000,3834.434940,989.316829,85176.248231
90.000000,3833.803966,985.504461,85180.691574
90.050000,3833.175526,981.706681,85185.117793
90.100000,3832.549611,977.923434,85189.526956
90.150000,3831.926209,974.154665,85193.919126
90.200000,3831.305311,970.400320,85198.294369
90.250000,3830.686906,966.660344,85202.652750
90.300000,3830.070983,962.934683,85206.994334
90.350000,3829.457533,959.223283,85211.319184
90.400000,3828.846545,955.526090,85215.627365
90.450000,3828.238009,951.843051,85219.918940
90.500000,3827.631914,948.174112,85224.193973
90.550000,3827.028252,944.519220,85228.452528
90.600000,3826.427010,940.878322,85232.694667
90.650000,3825.828181,937.251365,85236.920454
90.700000,3825.231753,933.638297,85241.129950
90.750000,3824.637717,930.039064,85245.323219
90.800000,3824.046062,926.453615,85249.500323
90.850000,3823.456780,922.881898,85253.661322
90.900000,3822.869859,919.323861,85257.806280
90.950000,3822.285291,915.779451,85261.935257
91.000000,3821.703066,912.248619,85266.048316
91.050000,3821.123174,908.731311,85270.145515
91.100000,3820.545605,905.227478,85274.226918
91.150000,3819.970349,901.737068,85278.292583
91.200000,3819.397398,898.260030,85282.342571
91.250000,3818.826742,894.796315,85286.376943
91.300000,3818.258371,891.345871,85290.395758
91.350000,3817.692276,887.908648,85294.399076
91.400000,3817.128447,884.484597,85298.386956
91.450000,3816.566876,881.073667,85302.359457
91.500000,3816.007552,877.675810,85306.316638
91.550000,3815.450467,874.290974,85310.258559
91.600000,3814.895611,870.919112,85314.185276
91.650000,3814.342975,867.560175,85318.096850
91.700000,3813.792551,864.214112,85321.993337
91.750000,3813.244328,860.880876,85325.874796
91.800000,3812.698298,857.560418,85329.741284
91.850000,3812.154452,854.252689,85333.592859
91.900000,3811.612781,850.957642,85337.429578
91.950000,3811.073275,847.675228,85341.251497
92.000000,3810.535927,844.405400,85345.058673
92.050000,3810.000727,841.148109,85348.851164
92.100000,3809.467666,837.903309,85352.629025
92.150000,3808.936735,834.670952,85356.392313
92.200000,3808.407926,831.450991,85360.141082
92.250000,3807.881231,828.243379,85363.875390
92.300000,3807.356639,825.048069,85367.595291
92.350000,3806.834144,821.865015,85371.300841
92.400000,3806.313735,818.694170,85374.992095
92.450000,3805.795405,815.535488,85378.669107
92.500000,3805.279145,812.388922,85382.331932
92.550000,3804.764947,809.254428,85385.980625
92.600000,3804.252802,806.131958,85389.615240
92.650000,3803.742701,803.021468,85393.235831
92.700000,3803.234636,799.922912,85396.842451
92.750000,3802.728600,796.836245,85400.435155
92.800000,3802.224583,793.761422,85404.013995
92.850000,3801.722577,790.698397,85407.579025
92.900000,3801.222575,787.647127,85411.130298
92.950000,3800.724567,784.607566,85414.667867
93.000000,3800.228547,781.579669,85418.191784
93.050000,3799.734504,778.563394,85421.702102
93.100000,3799.242432,775.558696,85425.198872
93.150000,3798.752323,772.565530,85428.682147
93.200000,3798.264168,769.583853,85432.151979
93.250000,3797.777959,766.613622,85435.608419
93.300000,3797.293689,763.654792,85439.051519
93.350000,3796.811350,760.707321,85442.481329
93.400000,3796.330933,757.771166,85445.897901
93.450000,3795.852430,754.846283,85449.301287
93.500000,3795.375835,751.932630,85452.691535
93.550000,3794.901139,749.030164,85456.068697
93.600000,3794.428334,746.138843,85459.432823
93.650000,3793.957413,743.258624,85462.783963
93.700000,3793.488368,740.389465,85466.122167
93.750000,3793.021191,737.531324,85469.447485
93.800000,3792.555874,734.684160,85472.759966
93.850000,3792.092411,731.847930,85476.059659
93.900000,3791.630793,729.022593,85479.346613
93.950000,3791.171014,726.208108,85482.620878
94.000000,3790.713065,723.404433,85485.882503
94.050000,3790.256938,720.611527,85489.131534
94.100000,3789.802628,717.829350,85492.368022
94.150000,3789.350125,715.057860,85495.592015
94.200000,3788.899424,712.297017,85498.803559
94.250000,3788.450516,709.546781,85502.002704
94.300000,3788.003394,706.807110,85505.189496
94.350000,3787.558051,704.077966,85508.363983
94.400000,3787.114479,701.359307,85511.526213
94.450000,3786.672672,698.651095,85514.676233
94.500000,3786.232623,695.953288,85517.814089
94.550000,3785.794323,693.265849,85520.939828
94.600000,3785.357766,690.588737,85524.053497
94.650000,3784.922945,687.921912,85527.155142
94.700000,3784.489853,685.265337,85530.244810
94.750000,3784.058483,682.618971,85533.322545
94.800000,3783.628828,679.982777,85536.388396
94.850000,3783.200880,677.356714,85539.442406
94.900000,3782.774633,674.740746,85542.484621
94.950000,3782.350080,672.134832,85545.515087
95.000000,3781.927215,669.538936,85548.533850
95.050000,3781.506029,666.953018,85551.540953
95.100000,3781.086517,664.377042,85554.536442
95.150000,3780.668671,661.810968,85557.520361
95.200000,3780.252485,659.254760,85560.492755
95.250000,3779.837952,656.708379,85563.453669
95.300000,3779.425066,654.171789,85566.403145
95.350000,3779.013819,651.644952,85569.341229
95.400000,3778.604205,649.127830,85572.267964
95.450000,3778.196218,646.620388,85575.183394
95.500000,3777.789850,644.122588,85578.087562
95.550000,3777.385096,641.634392,85580.980512
95.600000,3776.981948,639.155766,85583.862286
95.650000,3776.580400,636.686672,85586.732928
95.700000,3776.180446,634.227073,85589.592481
95.750000,3775.782079,631.776935,85592.440986
95.800000,3775.385293,629.336219,85595.278487
95.850000,3774.990082,626.904892,85598.105026
95.900000,3774.596438,624.482917,85600.920645
95.950000,3774.204356,622.070258,85603.725386
96.000000,3773.813829,619.666879,85606.519291
96.050000,3773.424851,617.272746,85609.302402
96.100000,3773.037416,614.887824,85612.074760
96.150000,3772.651518,612.512076,85614.836406
96.200000,3772.267149,610.145468,85617.587382
96.250000,3771.884305,607.787966,85620.327729
96.300000,3771.502979,605.439534,85623.057488
96.350000,3771.123164,603.100137,85625.776699
96.400000,3770.744855,600.769743,85628.485402
96.450000,3770.368045,598.448315,85631.183640
96.500000,3769.992729,596.135820,85633.871451
96.550000,3769.618901,593.832224,85636.548875
96.600000,3769.246554,591.537492,85639.215954
96.650000,3768.875682,589.251592,85641.872726
96.700000,3768.506280,586.974489,85644.519231
96.750000,3768.138341,584.706149,85647.155510
96.800000,3767.771860,582.446540,85649.781600
96.850000,3767.406831,580.195628,85652.397542
96.900000,3767.043247,577.953379,85655.003374
96.950000,3766.681103,575.719762,85657.599135
97.000000,3766.320394,573.494742,85660.184864
97.050000,3765.961113,571.278286,85662.760600
97.100000,3765.603255,569.070363,85665.326382
97.150000,3765.246814,566.870940,85667.882246
97.200000,3764.891783,564.679984,85670.428233
97.250000,3764.538159,562.497462,85672.964379
97.300000,3764.185934,560.323344,85675.490723
97.350000,3763.835103,558.157595,85678.007302
97.400000,3763.485661,556.000186,85680.514153
97.450000,3763.137602,553.851083,85683.011316
97.500000,3762.790920,551.710255,85685.498826
97.550000,3762.445610,549.577670,85687.976720
97.600000,3762.101666,547.453297,85690.445037
97.650000,3761.759083,545.337105,85692.903812
97.700000,3761.417855,543.229062,85695.353083
97.750000,3761.077977,541.129137,85697.792886
97.800000,3760.739444,539.037299,85700.223258
97.850000,3760.402249,536.953517,85702.644234
97.900000,3760.066388,534.877761,85705.055851
97.950000,3759.731855,532.809999,85707.458146
98.000000,3759.398645,530.750201,85709.851153
98.050000,3759.066753,528.698338,85712.234909
98.100000,3758.736173,526.654377,85714.609450
98.150000,3758.406900,524.618290,85716.974811
98.200000,3758.078928,522.590045,85719.331026
98.250000,3757.752253,520.569614,85721.678133
98.300000,3757.426869,518.556966,85724.016165
98.350000,3757.102771,516.552072,85726.345157
98.400000,3756.779954,514.554901,85728.665145
98.450000,3756.458413,512.565424,85730.976163
98.500000,3756.138142,510.583612,85733.278245
98.550000,3755.819137,508.609436,85735.571427
98.600000,3755.501392,506.642866,85737.855742
98.650000,3755.184903,504.683873,85740.131224
98.700000,3754.869664,502.732429,85742.397908
98.750000,3754.555670,500.788503,85744.655827
98.800000,3754.242916,498.852069,85746.905015
98.850000,3753.931397,496.923096,85749.145507
98.900000,3753.621109,495.001556,85751.377334
98.950000,3753.312046,493.087422,85753.600532
99.000000,3753.004204,491.180664,85755.815132
99.050000,3752.697577,489.281254,85758.021169
99.100000,3752.392161,487.389165,85760.218675
99.150000,3752.087950,485.504367,85762.407682
99.200000,3751.784941,483.626834,85764.588225
99.250000,3751.483127,481.756538,85766.760335
99.300000,3751.182505,479.893450,85768.924044
99.350000,3750.883070,478.037544,85771.079387
99.400000,3750.584816,476.188791,85773.226393
99.450000,3750.287739,474.347164,85775.365096
99.500000,3749.991835,472.512637,85777.495528
99.550000,3749.697098,470.685181,85779.617721
99.600000,3749.403525,468.864770,85781.731705
99.650000,3749.111109,467.051377,85783.837514
99.700000,3748.819847,465.244975,85785.935178
99.750000,3748.529734,463.445536,85788.024729
99.800000,3748.240766,461.653036,85790.106199
99.850000,3747.952937,459.867446,85792.179617
99.900000,3747.666244,458.088740,85794.245016
99.950000,3747.380681,456.316893,85796.302426
100.000000,3747.096245,454.551877,85798.351878
